/home/alrescha/Code/isoforks2/APCisos/ch.1_0.APC.gff,1,(144, 189),1.0,0.999971204778525,2.8795221475030885e-05
/home/alrescha/Code/isoforks2/APCisos/ch.1_1.APC.gff,3,(355, 403),5.253467885789608e-05,0.0,5.253467885789608e-05
/home/alrescha/Code/isoforks2/APCisos/ch.1_1.APC.gff,3,(351, 403),1.9103519584689486e-05,0.0,1.9103519584689486e-05
/home/alrescha/Code/isoforks2/APCisos/ch.1_1.APC.gff,3,(234, 280),0.9999283618015574,0.9988502694767907,0.001078092324766744
/home/alrescha/Code/isoforks2/APCisos/ch.1_10.APC.gff,3,(543, 646),1.0976210435906478e-05,0.0,1.0976210435906478e-05
/home/alrescha/Code/isoforks2/APCisos/ch.1_10.APC.gff,3,(182, 227),0.001085272806850253,0.0013050503469634609,-0.00021977754011320784
/home/alrescha/Code/isoforks2/APCisos/ch.1_10.APC.gff,3,(178, 227),0.9989037509827139,0.9964391144507897,0.0024646365319241914
/home/alrescha/Code/isoforks2/APCisos/ch.1_101.APC.gff,3,(156, 223),6.82592691821345e-06,2.3320701587381758e-05,-1.6494774669168306e-05
/home/alrescha/Code/isoforks2/APCisos/ch.1_101.APC.gff,3,(156, 244),0.999984641664434,0.9632956356455055,0.03668900601892855
/home/alrescha/Code/isoforks2/APCisos/ch.1_101.APC.gff,3,(186, 244),8.532408647766813e-06,0.005589940295808281,-0.005581407887160514
/home/alrescha/Code/isoforks2/APCisos/ch.1_102.APC.gff,3,(204, 316),8.094107489747464e-06,0.00043627956003868267,-0.0004281854525489352
/home/alrescha/Code/isoforks2/APCisos/ch.1_102.APC.gff,3,(204, 308),0.9999838117850205,0.9878070903577201,0.012176721427300419
/home/alrescha/Code/isoforks2/APCisos/ch.1_102.APC.gff,3,(204, 283),8.094107489747464e-06,4.604681240774659e-07,7.633639365669998e-06
/home/alrescha/Code/isoforks2/APCisos/ch.1_103.APC.gff,1,(313, 363),1.0,0.9655738649352048,0.034426135064795194
/home/alrescha/Code/isoforks2/APCisos/ch.1_106.APC.gff,3,(149, 193),0.9996849091159732,0.9670415805090409,0.03264332860693231
/home/alrescha/Code/isoforks2/APCisos/ch.1_106.APC.gff,3,(146, 193),0.00025601134327182497,0.004755905977657905,-0.00449989463438608
/home/alrescha/Code/isoforks2/APCisos/ch.1_106.APC.gff,3,(133, 193),5.907954075503653e-05,0.0049888929832989275,-0.004929813442543891
/home/alrescha/Code/isoforks2/APCisos/ch.1_107.APC.gff,2,(380, 424),0.0001254731382923106,0.0006907606787337331,-0.0005652875404414224
/home/alrescha/Code/isoforks2/APCisos/ch.1_107.APC.gff,2,(261, 333),0.9998745268617076,0.6391677618896557,0.3607067649720519
/home/alrescha/Code/isoforks2/APCisos/ch.1_108.APC.gff,3,(56, 100),0.0013748125743795084,0.0,0.0013748125743795084
/home/alrescha/Code/isoforks2/APCisos/ch.1_108.APC.gff,3,(173, 238),2.1481446474679818e-05,0.15301615840236948,-0.1529946769558948
/home/alrescha/Code/isoforks2/APCisos/ch.1_108.APC.gff,3,(189, 238),0.9986037059791458,0.52250037224242,0.47610333373672586
/home/alrescha/Code/isoforks2/APCisos/ch.1_109.APC.gff,2,(147, 201),0.0005097939256093018,0.007299614400268651,-0.006789820474659349
/home/alrescha/Code/isoforks2/APCisos/ch.1_109.APC.gff,2,(150, 201),0.9994902060743907,0.9719247837778254,0.027565422296565223
/home/alrescha/Code/isoforks2/APCisos/ch.1_110.APC.gff,2,(328, 376),0.0001182414274965065,0.11418472037495302,-0.11406647894745651
/home/alrescha/Code/isoforks2/APCisos/ch.1_110.APC.gff,2,(231, 273),0.9998817585725035,0.6157162635023433,0.3841654950701602
/home/alrescha/Code/isoforks2/APCisos/ch.1_111.APC.gff,1,(187, 234),1.0,0.9676979499993807,0.03230205000061925
/home/alrescha/Code/isoforks2/APCisos/ch.1_112.APC.gff,1,(229, 273),1.0,0.9970448628014383,0.0029551371985616637
/home/alrescha/Code/isoforks2/APCisos/ch.1_115.APC.gff,2,(170, 214),0.0022332588913702876,0.011760133523479856,-0.009526874632109567
/home/alrescha/Code/isoforks2/APCisos/ch.1_115.APC.gff,2,(173, 214),0.9977667411086297,0.977615456744106,0.020151284364523736
/home/alrescha/Code/isoforks2/APCisos/ch.1_116.APC.gff,2,(226, 278),0.9999129318038353,0.9119286266197799,0.08798430518405542
/home/alrescha/Code/isoforks2/APCisos/ch.1_116.APC.gff,2,(230, 278),8.706819616464596e-05,0.022754521542785996,-0.02266745334662135
/home/alrescha/Code/isoforks2/APCisos/ch.1_117.APC.gff,2,(232, 309),0.9999783472745308,0.8874530823615226,0.11252526491300818
/home/alrescha/Code/isoforks2/APCisos/ch.1_117.APC.gff,2,(347, 379),2.1652725469153662e-05,0.0,2.1652725469153662e-05
/home/alrescha/Code/isoforks2/APCisos/ch.1_119.APC.gff,3,(179, 223),0.849361367655728,0.29989624750942434,0.5494651201463037
/home/alrescha/Code/isoforks2/APCisos/ch.1_119.APC.gff,3,(52, 102),0.0007467085871487523,0.0,0.0007467085871487523
/home/alrescha/Code/isoforks2/APCisos/ch.1_119.APC.gff,3,(35, 102),0.1498919237571232,0.0,0.1498919237571232
/home/alrescha/Code/isoforks2/APCisos/ch.1_12.APC.gff,1,(190, 234),1.0,0.9348320336928577,0.06516796630714228
/home/alrescha/Code/isoforks2/APCisos/ch.1_122.APC.gff,3,(167, 221),0.0013559322033898306,0.01293039791138008,-0.01157446570799025
/home/alrescha/Code/isoforks2/APCisos/ch.1_122.APC.gff,3,(169, 221),0.9871864406779661,0.9808433258016782,0.006343114876287914
/home/alrescha/Code/isoforks2/APCisos/ch.1_122.APC.gff,3,(417, 461),0.011457627118644068,0.0,0.011457627118644068
/home/alrescha/Code/isoforks2/APCisos/ch.1_123.APC.gff,3,(341, 385),0.0003604160230666255,0.003711013061753222,-0.0033505970386865963
/home/alrescha/Code/isoforks2/APCisos/ch.1_123.APC.gff,3,(247, 313),0.0006178560395427865,0.016765081545125966,-0.01614722550558318
/home/alrescha/Code/isoforks2/APCisos/ch.1_123.APC.gff,3,(247, 297),0.9990217279373906,0.9737112559297048,0.02531047200768588
/home/alrescha/Code/isoforks2/APCisos/ch.1_125.APC.gff,2,(328, 365),0.0005513952926596158,0.0,0.0005513952926596158
/home/alrescha/Code/isoforks2/APCisos/ch.1_125.APC.gff,2,(328, 372),0.9994486047073404,0.9818295645508671,0.01761904015647331
/home/alrescha/Code/isoforks2/APCisos/ch.1_126.APC.gff,1,(276, 322),1.0,0.986192595498585,0.013807404501415044
/home/alrescha/Code/isoforks2/APCisos/ch.1_127.APC.gff,2,(260, 305),0.9998022125819169,0.945480022884843,0.05432218969707392
/home/alrescha/Code/isoforks2/APCisos/ch.1_127.APC.gff,2,(260, 320),0.00019778741808304434,8.936787322780254e-05,0.0001084195448552418
/home/alrescha/Code/isoforks2/APCisos/ch.1_128.APC.gff,3,(185, 373),0.000138644976430354,8.431783263936066e-06,0.00013021319316641793
/home/alrescha/Code/isoforks2/APCisos/ch.1_128.APC.gff,3,(185, 371),0.0,0.0,0.0
/home/alrescha/Code/isoforks2/APCisos/ch.1_128.APC.gff,3,(185, 370),0.9998613550235697,0.9694099239275478,0.030451431096021886
/home/alrescha/Code/isoforks2/APCisos/ch.1_129.APC.gff,3,(191, 240),0.006582692855109593,0.006018369919061533,0.0005643229360480602
/home/alrescha/Code/isoforks2/APCisos/ch.1_129.APC.gff,3,(191, 237),0.9904639908909764,0.7793475464314639,0.2111164444595125
/home/alrescha/Code/isoforks2/APCisos/ch.1_129.APC.gff,3,(189, 237),0.0029533162539140336,0.1947122255766421,-0.19175890932272807
/home/alrescha/Code/isoforks2/APCisos/ch.1_13.APC.gff,3,(151, 197),0.9998842219300205,0.9922286048845389,0.007655617045481566
/home/alrescha/Code/isoforks2/APCisos/ch.1_13.APC.gff,3,(244, 348),5.788903498978672e-05,0.0,5.788903498978672e-05
/home/alrescha/Code/isoforks2/APCisos/ch.1_13.APC.gff,3,(308, 340),5.788903498978672e-05,0.0,5.788903498978672e-05
/home/alrescha/Code/isoforks2/APCisos/ch.1_130.APC.gff,1,(336, 383),1.0,0.9890496405951699,0.010950359404830134
/home/alrescha/Code/isoforks2/APCisos/ch.1_131.APC.gff,1,(300, 344),1.0,0.9899424592704664,0.010057540729533576
/home/alrescha/Code/isoforks2/APCisos/ch.1_132.APC.gff,2,(136, 180),0.9999329466590673,0.9303280978231534,0.06960484883591389
/home/alrescha/Code/isoforks2/APCisos/ch.1_132.APC.gff,2,(133, 180),6.705334093271198e-05,0.02661637029760175,-0.026549316956669036
/home/alrescha/Code/isoforks2/APCisos/ch.1_134.APC.gff,2,(156, 201),0.9998174071819842,0.8559294711229186,0.14388793605906558
/home/alrescha/Code/isoforks2/APCisos/ch.1_134.APC.gff,2,(20, 87),0.0001825928180158247,0.0,0.0001825928180158247
/home/alrescha/Code/isoforks2/APCisos/ch.1_135.APC.gff,1,(222, 320),1.0,0.5137106317299358,0.4862893682700642
/home/alrescha/Code/isoforks2/APCisos/ch.1_136.APC.gff,3,(233, 282),0.9976824283001255,0.9569917570474923,0.04069067125263326
/home/alrescha/Code/isoforks2/APCisos/ch.1_136.APC.gff,3,(233, 303),0.00016094247915794896,0.0064977082037724395,-0.00633676572461449
/home/alrescha/Code/isoforks2/APCisos/ch.1_136.APC.gff,3,(233, 329),0.002156629220716516,0.0035163184083253887,-0.0013596891876088727
/home/alrescha/Code/isoforks2/APCisos/ch.1_139.APC.gff,2,(257, 309),0.9946076028343509,0.9489353977346704,0.04567220509968051
/home/alrescha/Code/isoforks2/APCisos/ch.1_139.APC.gff,2,(257, 296),0.005392397165649093,0.0019401099380315042,0.0034522872276175885
/home/alrescha/Code/isoforks2/APCisos/ch.1_142.APC.gff,3,(271, 357),0.0008720735225062051,0.013545192106606135,-0.012673118584099929
/home/alrescha/Code/isoforks2/APCisos/ch.1_142.APC.gff,3,(297, 357),0.009190313275642315,0.04620911007189748,-0.037018796796255166
/home/alrescha/Code/isoforks2/APCisos/ch.1_142.APC.gff,3,(306, 357),0.9899376132018515,0.8901309899454767,0.0998066232563748
/home/alrescha/Code/isoforks2/APCisos/ch.1_143.APC.gff,2,(233, 289),0.00604937598779225,0.02622867971440918,-0.02017930372661693
/home/alrescha/Code/isoforks2/APCisos/ch.1_143.APC.gff,2,(233, 276),0.9939506240122078,0.42587653484369287,0.568074089168515
/home/alrescha/Code/isoforks2/APCisos/ch.1_144.APC.gff,1,(240, 293),1.0,0.9840539772446036,0.01594602275539636
/home/alrescha/Code/isoforks2/APCisos/ch.1_145.APC.gff,1,(328, 376),1.0,0.6623359562771137,0.3376640437228863
/home/alrescha/Code/isoforks2/APCisos/ch.1_148.APC.gff,2,(275, 323),0.990867288626638,0.9909253702773039,-5.8081650665897655e-05
/home/alrescha/Code/isoforks2/APCisos/ch.1_148.APC.gff,2,(281, 328),0.00913271137336204,1.1877164032563854e-06,0.009131523656958783
/home/alrescha/Code/isoforks2/APCisos/ch.1_15.APC.gff,1,(129, 175),1.0,0.9911910073431103,0.008808992656889725
/home/alrescha/Code/isoforks2/APCisos/ch.1_152.APC.gff,2,(206, 247),0.0003224766204450177,0.0035282467026365866,-0.003205770082191569
/home/alrescha/Code/isoforks2/APCisos/ch.1_152.APC.gff,2,(206, 254),0.999677523379555,0.44170954303010723,0.5579679803494477
/home/alrescha/Code/isoforks2/APCisos/ch.1_154.APC.gff,1,(181, 421),1.0,0.8394424822594097,0.16055751774059035
/home/alrescha/Code/isoforks2/APCisos/ch.1_155.APC.gff,2,(270, 333),0.0006227724629525417,0.0025934944588218195,-0.0019707219958692776
/home/alrescha/Code/isoforks2/APCisos/ch.1_155.APC.gff,2,(273, 333),0.9993772275370475,0.972987897644016,0.026389329893031443
/home/alrescha/Code/isoforks2/APCisos/ch.1_157.APC.gff,1,(232, 339),1.0,0.9253418963186508,0.07465810368134917
/home/alrescha/Code/isoforks2/APCisos/ch.1_158.APC.gff,3,(79, 274),0.00042983977351890556,0.0,0.00042983977351890556
/home/alrescha/Code/isoforks2/APCisos/ch.1_158.APC.gff,3,(197, 274),0.9995256940430136,0.9765132655311469,0.02301242851186669
/home/alrescha/Code/isoforks2/APCisos/ch.1_158.APC.gff,3,(232, 274),4.446618346747299e-05,0.0005632261689602858,-0.0005187599854928127
/home/alrescha/Code/isoforks2/APCisos/ch.1_16.APC.gff,1,(162, 208),1.0,0.9927427879315763,0.0072572120684236685
/home/alrescha/Code/isoforks2/APCisos/ch.1_162.APC.gff,2,(196, 244),0.00043094840181208546,2.428920419219491e-05,0.00040665919761989053
/home/alrescha/Code/isoforks2/APCisos/ch.1_162.APC.gff,2,(403, 445),0.9995690515981879,0.9497027198019965,0.04986633179619138
/home/alrescha/Code/isoforks2/APCisos/ch.1_164.APC.gff,3,(336, 425),0.002362480312664061,0.003498818568390943,-0.0011363382557268821
/home/alrescha/Code/isoforks2/APCisos/ch.1_164.APC.gff,3,(177, 425),0.7420813159890334,0.38316293684753383,0.35891837914149954
/home/alrescha/Code/isoforks2/APCisos/ch.1_164.APC.gff,3,(56, 106),0.2555562036983025,0.0,0.2555562036983025
/home/alrescha/Code/isoforks2/APCisos/ch.1_166.APC.gff,2,(302, 400),0.0027825025468874117,0.0027494946961319914,3.300785075542037e-05
/home/alrescha/Code/isoforks2/APCisos/ch.1_166.APC.gff,2,(302, 396),0.9972174974531126,0.8481661863612509,0.14905131109186176
/home/alrescha/Code/isoforks2/APCisos/ch.1_167.APC.gff,2,(244, 293),0.000904530877394951,0.0018438885671778352,-0.0009393576897828842
/home/alrescha/Code/isoforks2/APCisos/ch.1_167.APC.gff,2,(266, 323),0.999095469122605,0.6806676356978238,0.3184278334247812
/home/alrescha/Code/isoforks2/APCisos/ch.1_168.APC.gff,1,(193, 289),1.0,0.8944884608797362,0.10551153912026379
/home/alrescha/Code/isoforks2/APCisos/ch.1_17.APC.gff,2,(276, 324),0.8953555324574326,0.4278993966454419,0.4674561358119907
/home/alrescha/Code/isoforks2/APCisos/ch.1_17.APC.gff,2,(280, 324),0.10464446754256743,0.1483990685781653,-0.04375460103559786
/home/alrescha/Code/isoforks2/APCisos/ch.1_170.APC.gff,2,(304, 330),0.002240097749719988,0.0,0.002240097749719988
/home/alrescha/Code/isoforks2/APCisos/ch.1_170.APC.gff,2,(166, 210),0.99775990225028,0.4938647632111093,0.5038951390391707
/home/alrescha/Code/isoforks2/APCisos/ch.1_171.APC.gff,2,(203, 250),0.9998921522809793,0.7097829674173003,0.290109184863679
/home/alrescha/Code/isoforks2/APCisos/ch.1_171.APC.gff,2,(207, 250),0.00010784771902074271,0.010456338407269193,-0.01034849068824845
/home/alrescha/Code/isoforks2/APCisos/ch.1_172.APC.gff,2,(242, 284),8.23978884167795e-06,4.828617660157632e-05,-4.004638775989837e-05
/home/alrescha/Code/isoforks2/APCisos/ch.1_172.APC.gff,2,(242, 295),0.9999917602111583,0.7153481063104176,0.28464365390074076
/home/alrescha/Code/isoforks2/APCisos/ch.1_173.APC.gff,1,(270, 329),1.0,0.6378774083006665,0.3621225916993335
/home/alrescha/Code/isoforks2/APCisos/ch.1_174.APC.gff,1,(249, 297),1.0,0.42633550679797705,0.573664493202023
/home/alrescha/Code/isoforks2/APCisos/ch.1_175.APC.gff,2,(356, 406),0.0011391758651844287,0.14294009410099814,-0.14180091823581373
/home/alrescha/Code/isoforks2/APCisos/ch.1_175.APC.gff,2,(356, 424),0.9988608241348156,0.7720792152470827,0.2267816088877329
/home/alrescha/Code/isoforks2/APCisos/ch.1_177.APC.gff,2,(227, 278),0.9998044436421619,0.9191354966296417,0.08066894701252025
/home/alrescha/Code/isoforks2/APCisos/ch.1_177.APC.gff,2,(115, 158),0.00019555635783804925,0.0,0.00019555635783804925
/home/alrescha/Code/isoforks2/APCisos/ch.1_179.APC.gff,2,(258, 311),0.0005194985107709358,0.026279166565695705,-0.02575966805492477
/home/alrescha/Code/isoforks2/APCisos/ch.1_179.APC.gff,2,(254, 311),0.9994805014892291,0.868016584219791,0.13146391726943807
/home/alrescha/Code/isoforks2/APCisos/ch.1_18.APC.gff,1,(175, 217),1.0,0.9972495432048765,0.002750456795123535
/home/alrescha/Code/isoforks2/APCisos/ch.1_181.APC.gff,2,(351, 396),2.9684160531940157e-05,0.0003481142691555565,-0.00031843010862361637
/home/alrescha/Code/isoforks2/APCisos/ch.1_181.APC.gff,2,(128, 172),0.999970315839468,0.9592001597457751,0.040770156093692944
/home/alrescha/Code/isoforks2/APCisos/ch.1_182.APC.gff,2,(152, 200),0.9995675028278661,0.9181625999504321,0.08140490287743396
/home/alrescha/Code/isoforks2/APCisos/ch.1_182.APC.gff,2,(152, 203),0.0004324971721338745,0.0012553922979425083,-0.0008228951258086338
/home/alrescha/Code/isoforks2/APCisos/ch.1_184.APC.gff,3,(237, 360),4.670234725997329e-05,0.002473325653257021,-0.0024266233059970477
/home/alrescha/Code/isoforks2/APCisos/ch.1_184.APC.gff,3,(233, 360),0.999892584601302,0.7220260781806278,0.27786650642067423
/home/alrescha/Code/isoforks2/APCisos/ch.1_184.APC.gff,3,(231, 360),6.071305143796527e-05,0.006127930546862005,-0.006067217495424039
/home/alrescha/Code/isoforks2/APCisos/ch.1_185.APC.gff,3,(233, 293),0.001777993292116216,0.09237760638602506,-0.09059961309390885
/home/alrescha/Code/isoforks2/APCisos/ch.1_185.APC.gff,3,(233, 281),0.9978179173233119,0.8675366344008619,0.13028128292245
/home/alrescha/Code/isoforks2/APCisos/ch.1_185.APC.gff,3,(233, 263),0.0004040893845718673,0.0,0.0004040893845718673
/home/alrescha/Code/isoforks2/APCisos/ch.1_186.APC.gff,2,(194, 241),0.9980546721699709,0.34708748871445844,0.6509671834555124
/home/alrescha/Code/isoforks2/APCisos/ch.1_186.APC.gff,2,(194, 253),0.0019453278300290953,0.012326057941100805,-0.010380730111071709
/home/alrescha/Code/isoforks2/APCisos/ch.1_187.APC.gff,1,(132, 177),1.0,0.9182121222839595,0.08178787771604046
/home/alrescha/Code/isoforks2/APCisos/ch.1_188.APC.gff,1,(129, 174),1.0,0.9889694787083123,0.01103052129168769
/home/alrescha/Code/isoforks2/APCisos/ch.1_190.APC.gff,1,(372, 419),1.0,0.9867134289239348,0.013286571076065234
/home/alrescha/Code/isoforks2/APCisos/ch.1_192.APC.gff,2,(48, 100),8.41328551263395e-05,0.0,8.41328551263395e-05
/home/alrescha/Code/isoforks2/APCisos/ch.1_192.APC.gff,2,(137, 184),0.9999158671448737,0.8668933152348167,0.13302255191005696
/home/alrescha/Code/isoforks2/APCisos/ch.1_193.APC.gff,1,(257, 309),1.0,0.8334850896440066,0.16651491035599342
/home/alrescha/Code/isoforks2/APCisos/ch.1_196.APC.gff,3,(315, 375),0.0001462986442992295,0.0004746808026614409,-0.00032838215836221137
/home/alrescha/Code/isoforks2/APCisos/ch.1_196.APC.gff,3,(315, 364),0.9992197405637374,0.5005277411360735,0.49869199942766396
/home/alrescha/Code/isoforks2/APCisos/ch.1_196.APC.gff,3,(315, 353),0.0006339607919633279,1.8666615595446174e-05,0.0006152941763678816
/home/alrescha/Code/isoforks2/APCisos/ch.1_197.APC.gff,2,(343, 407),0.00024514210070437497,0.01812001779840643,-0.017874875697702054
/home/alrescha/Code/isoforks2/APCisos/ch.1_197.APC.gff,2,(343, 385),0.9997548578992956,0.6904381185718983,0.30931673932739734
/home/alrescha/Code/isoforks2/APCisos/ch.1_198.APC.gff,2,(282, 361),0.0007390376088027591,0.0024770392500251008,-0.0017380016412223416
/home/alrescha/Code/isoforks2/APCisos/ch.1_198.APC.gff,2,(282, 328),0.9992609623911972,0.9696651812557232,0.02959578113547401
/home/alrescha/Code/isoforks2/APCisos/ch.1_2.APC.gff,1,(195, 241),1.0,0.988785057248607,0.011214942751393009
/home/alrescha/Code/isoforks2/APCisos/ch.1_20.APC.gff,1,(228, 273),1.0,0.983161446620796,0.016838553379204035
/home/alrescha/Code/isoforks2/APCisos/ch.1_200.APC.gff,3,(186, 407),0.000982021453391751,0.0020915126209040437,-0.0011094911675122927
/home/alrescha/Code/isoforks2/APCisos/ch.1_200.APC.gff,3,(182, 403),0.9986402779876115,0.08748856454164336,0.9111517134459681
/home/alrescha/Code/isoforks2/APCisos/ch.1_200.APC.gff,3,(168, 403),0.0003777005589968273,0.01935606189262611,-0.018978361333629283
/home/alrescha/Code/isoforks2/APCisos/ch.1_201.APC.gff,2,(244, 296),0.999959894120478,0.45083235601157134,0.5491275381089067
/home/alrescha/Code/isoforks2/APCisos/ch.1_201.APC.gff,2,(244, 445),4.0105879521937915e-05,0.0,4.0105879521937915e-05
/home/alrescha/Code/isoforks2/APCisos/ch.1_202.APC.gff,1,(308, 359),1.0,0.8887464138890981,0.11125358611090186
/home/alrescha/Code/isoforks2/APCisos/ch.1_207.APC.gff,1,(228, 335),1.0,0.9610870875815618,0.038912912418438195
/home/alrescha/Code/isoforks2/APCisos/ch.1_208.APC.gff,2,(244, 300),0.9999442768326952,0.8966625171767441,0.1032817596559511
/home/alrescha/Code/isoforks2/APCisos/ch.1_208.APC.gff,2,(244, 343),5.5723167304829606e-05,0.009597388878852324,-0.009541665711547494
/home/alrescha/Code/isoforks2/APCisos/ch.1_209.APC.gff,3,(369, 467),6.485490875995253e-06,1.1209343488449e-05,-4.723852612453747e-06
/home/alrescha/Code/isoforks2/APCisos/ch.1_209.APC.gff,3,(177, 228),0.9998810993339401,0.8593576379690198,0.14052346136492033
/home/alrescha/Code/isoforks2/APCisos/ch.1_209.APC.gff,3,(174, 228),0.0001124151751839177,0.09101825184800123,-0.09090583667281732
/home/alrescha/Code/isoforks2/APCisos/ch.1_21.APC.gff,2,(232, 277),0.9917188501889521,0.9932048617589967,-0.0014860115700445764
/home/alrescha/Code/isoforks2/APCisos/ch.1_21.APC.gff,2,(52, 101),0.0082811498110479,0.0,0.0082811498110479
/home/alrescha/Code/isoforks2/APCisos/ch.1_210.APC.gff,3,(129, 175),0.9999312721074721,0.8837371208242063,0.11619415128326582
/home/alrescha/Code/isoforks2/APCisos/ch.1_210.APC.gff,3,(270, 318),1.3745578505580704e-05,0.0016351794648662766,-0.0016214338863606958
/home/alrescha/Code/isoforks2/APCisos/ch.1_210.APC.gff,3,(354, 399),5.498231402232282e-05,0.0012049687110070669,-0.001149986396984744
/home/alrescha/Code/isoforks2/APCisos/ch.1_211.APC.gff,1,(135, 176),1.0,0.8435171977545732,0.15648280224542677
/home/alrescha/Code/isoforks2/APCisos/ch.1_214.APC.gff,1,(135, 180),1.0,0.8533587682653243,0.1466412317346757
/home/alrescha/Code/isoforks2/APCisos/ch.1_217.APC.gff,3,(440, 490),0.0012957480585231904,0.0031168608025879565,-0.0018211127440647661
/home/alrescha/Code/isoforks2/APCisos/ch.1_217.APC.gff,3,(191, 260),0.00029175784099197665,0.000849133980253976,-0.0005573761392619993
/home/alrescha/Code/isoforks2/APCisos/ch.1_217.APC.gff,3,(191, 258),0.9984124941004848,0.8392187448484901,0.1591937492519947
/home/alrescha/Code/isoforks2/APCisos/ch.1_219.APC.gff,2,(288, 348),8.510783162266592e-05,0.3285822658086367,-0.328497157977014
/home/alrescha/Code/isoforks2/APCisos/ch.1_219.APC.gff,2,(297, 348),0.9999148921683774,0.4820829965967725,0.5178318955716048
/home/alrescha/Code/isoforks2/APCisos/ch.1_22.APC.gff,1,(213, 258),1.0,0.9670917124184453,0.03290828758155473
/home/alrescha/Code/isoforks2/APCisos/ch.1_224.APC.gff,2,(273, 320),0.9993373506450477,0.7485994340621379,0.2507379165829098
/home/alrescha/Code/isoforks2/APCisos/ch.1_224.APC.gff,2,(46, 98),0.0006626493549522685,0.0,0.0006626493549522685
/home/alrescha/Code/isoforks2/APCisos/ch.1_228.APC.gff,3,(392, 448),0.0004993342210386152,0.0001416950674053905,0.0003576391536332247
/home/alrescha/Code/isoforks2/APCisos/ch.1_228.APC.gff,3,(396, 437),0.00041611185086551264,0.004683310550939797,-0.004267198700074284
/home/alrescha/Code/isoforks2/APCisos/ch.1_228.APC.gff,3,(392, 437),0.9990845539280959,0.9518307899969983,0.04725376393109759
/home/alrescha/Code/isoforks2/APCisos/ch.1_229.APC.gff,1,(233, 291),1.0,0.9634519515473299,0.03654804845267012
/home/alrescha/Code/isoforks2/APCisos/ch.1_231.APC.gff,1,(189, 236),1.0,0.47072811373340995,0.52927188626659
/home/alrescha/Code/isoforks2/APCisos/ch.1_232.APC.gff,1,(369, 422),1.0,0.962736938213027,0.03726306178697303
/home/alrescha/Code/isoforks2/APCisos/ch.1_233.APC.gff,1,(295, 347),1.0,0.4381928272039863,0.5618071727960137
/home/alrescha/Code/isoforks2/APCisos/ch.1_234.APC.gff,1,(135, 176),1.0,0.8971552217177832,0.10284477828221683
/home/alrescha/Code/isoforks2/APCisos/ch.1_235.APC.gff,2,(267, 432),0.0011658680470544344,0.007165187594782932,-0.0059993195477284975
/home/alrescha/Code/isoforks2/APCisos/ch.1_235.APC.gff,2,(267, 408),0.9988341319529456,0.990987664635935,0.007846467317010553
/home/alrescha/Code/isoforks2/APCisos/ch.1_236.APC.gff,1,(177, 225),1.0,0.9676357568278143,0.03236424317218567
/home/alrescha/Code/isoforks2/APCisos/ch.1_239.APC.gff,2,(242, 288),0.00011574967204259588,0.011868938861465311,-0.011753189189422716
/home/alrescha/Code/isoforks2/APCisos/ch.1_239.APC.gff,2,(242, 286),0.9998842503279574,0.3057653960098901,0.6941188543180672
/home/alrescha/Code/isoforks2/APCisos/ch.1_24.APC.gff,3,(225, 288),0.9881218750863235,0.9770945984156669,0.011027276670656616
/home/alrescha/Code/isoforks2/APCisos/ch.1_24.APC.gff,3,(3, 288),0.011491395265324162,0.0,0.011491395265324162
/home/alrescha/Code/isoforks2/APCisos/ch.1_24.APC.gff,3,(3, 56),0.00038672964835225545,0.0,0.00038672964835225545
/home/alrescha/Code/isoforks2/APCisos/ch.1_242.APC.gff,3,(336, 365),2.0088119885899478e-05,0.0,2.0088119885899478e-05
/home/alrescha/Code/isoforks2/APCisos/ch.1_242.APC.gff,3,(171, 365),0.06935758192604893,4.1005218196340076e-05,0.06931657670785259
/home/alrescha/Code/isoforks2/APCisos/ch.1_242.APC.gff,3,(171, 335),0.9306223299540651,0.9307848272203456,-0.00016249726628048133
/home/alrescha/Code/isoforks2/APCisos/ch.1_243.APC.gff,2,(21, 70),4.322828859205464e-05,0.0,4.322828859205464e-05
/home/alrescha/Code/isoforks2/APCisos/ch.1_243.APC.gff,2,(185, 229),0.999956771711408,0.8914090517202572,0.10854771999115076
/home/alrescha/Code/isoforks2/APCisos/ch.1_244.APC.gff,2,(220, 258),4.2316936930837194e-06,0.0,4.2316936930837194e-06
/home/alrescha/Code/isoforks2/APCisos/ch.1_244.APC.gff,2,(322, 375),0.9999957683063069,0.23873300213909662,0.7612627661672102
/home/alrescha/Code/isoforks2/APCisos/ch.1_245.APC.gff,3,(221, 303),3.248033779551307e-05,0.0007027465979415182,-0.0006702662601460051
/home/alrescha/Code/isoforks2/APCisos/ch.1_245.APC.gff,3,(221, 272),0.00011600120641254669,0.0002578930980247937,-0.00014189189161224703
/home/alrescha/Code/isoforks2/APCisos/ch.1_245.APC.gff,3,(221, 267),0.9998515184557919,0.9352084114953817,0.0646431069604102
/home/alrescha/Code/isoforks2/APCisos/ch.1_246.APC.gff,2,(290, 346),0.0003800629818655663,0.005709150311517321,-0.005329087329651755
/home/alrescha/Code/isoforks2/APCisos/ch.1_246.APC.gff,2,(290, 335),0.9996199370181345,0.7831768190575875,0.21644311796054694
/home/alrescha/Code/isoforks2/APCisos/ch.1_248.APC.gff,1,(130, 174),1.0,0.9804131361380052,0.01958686386199482
/home/alrescha/Code/isoforks2/APCisos/ch.1_25.APC.gff,2,(149, 194),0.019170733356625228,0.018459475269108152,0.0007112580875170763
/home/alrescha/Code/isoforks2/APCisos/ch.1_25.APC.gff,2,(152, 194),0.9808292666433748,0.9801724358574663,0.0006568307859085021
/home/alrescha/Code/isoforks2/APCisos/ch.1_251.APC.gff,2,(210, 286),0.9999903521094148,0.8261944162063042,0.1737959359031106
/home/alrescha/Code/isoforks2/APCisos/ch.1_251.APC.gff,2,(39, 95),9.647890585202451e-06,0.0,9.647890585202451e-06
/home/alrescha/Code/isoforks2/APCisos/ch.1_252.APC.gff,2,(4, 122),0.0038022103516177404,0.0,0.0038022103516177404
/home/alrescha/Code/isoforks2/APCisos/ch.1_252.APC.gff,2,(199, 246),0.9961977896483822,0.5764754226797143,0.41972236696866794
/home/alrescha/Code/isoforks2/APCisos/ch.1_253.APC.gff,3,(288, 339),0.0005195105056568922,0.0007767430147747893,-0.0002572325091178972
/home/alrescha/Code/isoforks2/APCisos/ch.1_253.APC.gff,3,(208, 339),0.9898406834449319,0.27852263401931227,0.7113180494256197
/home/alrescha/Code/isoforks2/APCisos/ch.1_253.APC.gff,3,(203, 339),0.00963980604941122,0.37687916998694077,-0.36723936393752954
/home/alrescha/Code/isoforks2/APCisos/ch.1_254.APC.gff,3,(215, 258),0.00022118247554232242,3.513690514354221e-05,0.0001860455703987802
/home/alrescha/Code/isoforks2/APCisos/ch.1_254.APC.gff,3,(215, 286),0.999617184176946,0.020681235878563218,0.9789359482983828
/home/alrescha/Code/isoforks2/APCisos/ch.1_254.APC.gff,3,(215, 290),0.00016163334751169716,0.0,0.00016163334751169716
/home/alrescha/Code/isoforks2/APCisos/ch.1_255.APC.gff,1,(258, 327),1.0,0.09781127422325966,0.9021887257767404
/home/alrescha/Code/isoforks2/APCisos/ch.1_257.APC.gff,1,(267, 318),1.0,0.6939099992418594,0.30609000075814063
/home/alrescha/Code/isoforks2/APCisos/ch.1_26.APC.gff,3,(73, 123),0.003270284603146544,0.0,0.003270284603146544
/home/alrescha/Code/isoforks2/APCisos/ch.1_26.APC.gff,3,(235, 288),0.00035354428142124803,0.009787430056469107,-0.009433885775047859
/home/alrescha/Code/isoforks2/APCisos/ch.1_26.APC.gff,3,(246, 288),0.9963761711154322,0.986807038744734,0.00956913237069823
/home/alrescha/Code/isoforks2/APCisos/ch.1_260.APC.gff,2,(168, 217),0.9754946850206225,0.9206219338056072,0.054872751215015336
/home/alrescha/Code/isoforks2/APCisos/ch.1_260.APC.gff,2,(172, 217),0.02450531497937744,0.05457225030850612,-0.03006693532912868
/home/alrescha/Code/isoforks2/APCisos/ch.1_263.APC.gff,1,(128, 174),1.0,0.9578203048104527,0.04217969518954734
/home/alrescha/Code/isoforks2/APCisos/ch.1_264.APC.gff,2,(163, 259),0.8988000424763725,0.38150104733717677,0.5172989951391957
/home/alrescha/Code/isoforks2/APCisos/ch.1_264.APC.gff,2,(163, 286),0.10119995752362748,0.09890434171731677,0.0022956158063107135
/home/alrescha/Code/isoforks2/APCisos/ch.1_266.APC.gff,1,(451, 499),1.0,0.41731944478253025,0.5826805552174698
/home/alrescha/Code/isoforks2/APCisos/ch.1_268.APC.gff,1,(226, 277),1.0,0.654426491637759,0.345573508362241
/home/alrescha/Code/isoforks2/APCisos/ch.1_27.APC.gff,1,(209, 254),1.0,0.9093317819928869,0.09066821800711311
/home/alrescha/Code/isoforks2/APCisos/ch.1_270.APC.gff,1,(147, 378),1.0,0.8544524534058761,0.14554754659412394
/home/alrescha/Code/isoforks2/APCisos/ch.1_274.APC.gff,2,(270, 316),0.9998694062336758,0.9957485505595984,0.004120855674077384
/home/alrescha/Code/isoforks2/APCisos/ch.1_274.APC.gff,2,(270, 326),0.0001305937663242208,1.0727226690624836e-05,0.00011986653963359597
/home/alrescha/Code/isoforks2/APCisos/ch.1_276.APC.gff,1,(421, 617),1.0,0.9948827676841919,0.0051172323158080735
/home/alrescha/Code/isoforks2/APCisos/ch.1_279.APC.gff,1,(177, 235),1.0,0.007952708029545882,0.9920472919704542
/home/alrescha/Code/isoforks2/APCisos/ch.1_28.APC.gff,1,(133, 177),1.0,0.5786864006463903,0.4213135993536097
/home/alrescha/Code/isoforks2/APCisos/ch.1_283.APC.gff,2,(358, 419),0.9950741102334251,0.0025391124976901535,0.992534997735735
/home/alrescha/Code/isoforks2/APCisos/ch.1_283.APC.gff,2,(590, 798),0.004925889766574954,0.0,0.004925889766574954
/home/alrescha/Code/isoforks2/APCisos/ch.1_284.APC.gff,3,(544, 587),9.020386072523904e-05,0.0,9.020386072523904e-05
/home/alrescha/Code/isoforks2/APCisos/ch.1_284.APC.gff,3,(528, 587),9.020386072523904e-05,0.0,9.020386072523904e-05
/home/alrescha/Code/isoforks2/APCisos/ch.1_284.APC.gff,3,(345, 393),0.9998195922785496,0.2851354839894614,0.7146841082890881
/home/alrescha/Code/isoforks2/APCisos/ch.1_288.APC.gff,3,(300, 466),9.74274287440143e-05,0.000531078003657903,-0.0004336505749138887
/home/alrescha/Code/isoforks2/APCisos/ch.1_288.APC.gff,3,(300, 397),0.9998441161140096,0.6325025084208472,0.3673416076931624
/home/alrescha/Code/isoforks2/APCisos/ch.1_288.APC.gff,3,(276, 397),5.845645724640858e-05,0.10579629309731431,-0.1057378366400679
/home/alrescha/Code/isoforks2/APCisos/ch.1_29.APC.gff,1,(204, 271),1.0,0.9983204755992875,0.0016795244007125065
/home/alrescha/Code/isoforks2/APCisos/ch.1_291.APC.gff,3,(262, 416),8.030172033052188e-06,0.0005913096439370831,-0.0005832794719040309
/home/alrescha/Code/isoforks2/APCisos/ch.1_291.APC.gff,3,(277, 416),0.9999839396559339,0.5106118264156335,0.4893721132403004
/home/alrescha/Code/isoforks2/APCisos/ch.1_291.APC.gff,3,(277, 464),8.030172033052188e-06,1.4492544272149598e-06,6.580917605837228e-06
/home/alrescha/Code/isoforks2/APCisos/ch.1_292.APC.gff,2,(595, 639),0.00020006001800540162,0.0,0.00020006001800540162
/home/alrescha/Code/isoforks2/APCisos/ch.1_292.APC.gff,2,(326, 542),0.9997999399819946,0.3801194799506296,0.619680460031365
/home/alrescha/Code/isoforks2/APCisos/ch.1_293.APC.gff,1,(398, 452),1.0,0.9893435125300265,0.010656487469973497
/home/alrescha/Code/isoforks2/APCisos/ch.1_295.APC.gff,1,(351, 394),1.0,0.7226472137840863,0.27735278621591375
/home/alrescha/Code/isoforks2/APCisos/ch.1_298.APC.gff,3,(226, 491),0.9942701722574796,0.4667368775787396,0.52753329467874
/home/alrescha/Code/isoforks2/APCisos/ch.1_298.APC.gff,3,(226, 501),0.00014505893019038985,0.015315644944769481,-0.015170586014579091
/home/alrescha/Code/isoforks2/APCisos/ch.1_298.APC.gff,3,(572, 621),0.005584768812330009,0.0,0.005584768812330009
/home/alrescha/Code/isoforks2/APCisos/ch.1_299.APC.gff,2,(224, 270),0.9791830322073841,0.6968372282847922,0.2823458039225919
/home/alrescha/Code/isoforks2/APCisos/ch.1_299.APC.gff,2,(224, 262),0.020816967792615867,0.0018233403754236292,0.018993627417192238
/home/alrescha/Code/isoforks2/APCisos/ch.1_3.APC.gff,3,(67, 106),0.00015020219526285384,0.0,0.00015020219526285384
/home/alrescha/Code/isoforks2/APCisos/ch.1_3.APC.gff,3,(188, 237),0.999838243789717,0.9548197478690669,0.0450184959206501
/home/alrescha/Code/isoforks2/APCisos/ch.1_3.APC.gff,3,(188, 246),1.1554015020219526e-05,0.0005966705858825538,-0.0005851165708623343
/home/alrescha/Code/isoforks2/APCisos/ch.1_30.APC.gff,1,(243, 294),1.0,0.9974509442176103,0.002549055782389731
/home/alrescha/Code/isoforks2/APCisos/ch.1_300.APC.gff,1,(220, 267),1.0,0.8975936576185701,0.10240634238142987
/home/alrescha/Code/isoforks2/APCisos/ch.1_302.APC.gff,2,(190, 442),0.9996303390798804,0.628935278337039,0.3706950607428414
/home/alrescha/Code/isoforks2/APCisos/ch.1_302.APC.gff,2,(638, 686),0.0003696609201196357,0.0,0.0003696609201196357
/home/alrescha/Code/isoforks2/APCisos/ch.1_303.APC.gff,2,(414, 456),0.9997938356870426,0.792106587659801,0.2076872480272416
/home/alrescha/Code/isoforks2/APCisos/ch.1_303.APC.gff,2,(403, 456),0.00020616431295742706,0.10226556101015354,-0.1020593966971961
/home/alrescha/Code/isoforks2/APCisos/ch.1_304.APC.gff,2,(29, 102),0.0005735299078978442,0.0,0.0005735299078978442
/home/alrescha/Code/isoforks2/APCisos/ch.1_304.APC.gff,2,(186, 232),0.9994264700921022,0.3774628443786262,0.621963625713476
/home/alrescha/Code/isoforks2/APCisos/ch.1_305.APC.gff,2,(304, 384),0.9988683210734783,0.9628582342545974,0.03601008681888096
/home/alrescha/Code/isoforks2/APCisos/ch.1_305.APC.gff,2,(56, 99),0.001131678926521704,0.0,0.001131678926521704
/home/alrescha/Code/isoforks2/APCisos/ch.1_308.APC.gff,3,(400, 445),6.407293330465306e-05,0.0012022539262152524,-0.0011381809929105994
/home/alrescha/Code/isoforks2/APCisos/ch.1_308.APC.gff,3,(316, 364),1.8306552372758018e-05,0.00259006657502869,-0.002571760022655932
/home/alrescha/Code/isoforks2/APCisos/ch.1_308.APC.gff,3,(175, 221),0.9999176205143225,0.8499733287493844,0.14994429176493818
/home/alrescha/Code/isoforks2/APCisos/ch.1_311.APC.gff,3,(303, 362),3.0008402352658743e-05,0.0,3.0008402352658743e-05
/home/alrescha/Code/isoforks2/APCisos/ch.1_311.APC.gff,3,(237, 277),1.2860743865425176e-05,0.04310151045212023,-0.04308864970825481
/home/alrescha/Code/isoforks2/APCisos/ch.1_311.APC.gff,3,(233, 277),0.9999571308537819,0.6395167501798631,0.3604403806739188
/home/alrescha/Code/isoforks2/APCisos/ch.1_313.APC.gff,1,(204, 259),1.0,0.5591721345389351,0.4408278654610649
/home/alrescha/Code/isoforks2/APCisos/ch.1_315.APC.gff,3,(42, 88),0.00037767916155226133,0.0,0.00037767916155226133
/home/alrescha/Code/isoforks2/APCisos/ch.1_315.APC.gff,3,(234, 283),0.9960343688037012,0.9799809088216891,0.01605345998201213
/home/alrescha/Code/isoforks2/APCisos/ch.1_315.APC.gff,3,(238, 286),0.0035879520347464828,4.008076805776352e-07,0.003587551227065905
/home/alrescha/Code/isoforks2/APCisos/ch.1_316.APC.gff,2,(367, 527),1.2757705654215147e-05,0.24201991520703436,-0.24200715750138016
/home/alrescha/Code/isoforks2/APCisos/ch.1_316.APC.gff,2,(384, 527),0.9999872422943458,0.6071793891937612,0.3928078531005845
/home/alrescha/Code/isoforks2/APCisos/ch.1_32.APC.gff,2,(46, 100),0.0004467202730994386,0.0,0.0004467202730994386
/home/alrescha/Code/isoforks2/APCisos/ch.1_32.APC.gff,2,(216, 293),0.9995532797269006,0.4622727704083479,0.5372805093185526
/home/alrescha/Code/isoforks2/APCisos/ch.1_322.APC.gff,2,(506, 648),0.9975441637774476,0.8664080147071129,0.13113614907033466
/home/alrescha/Code/isoforks2/APCisos/ch.1_322.APC.gff,2,(506, 652),0.0024558362225524186,0.00019758459770955923,0.0022582516248428595
/home/alrescha/Code/isoforks2/APCisos/ch.1_324.APC.gff,2,(201, 242),4.504944176233416e-05,0.3869582314451146,-0.3869131820033523
/home/alrescha/Code/isoforks2/APCisos/ch.1_324.APC.gff,2,(197, 242),0.9999549505582377,0.3692547385472728,0.6307002120109648
/home/alrescha/Code/isoforks2/APCisos/ch.1_325.APC.gff,3,(69, 127),0.0004890527424573019,0.0,0.0004890527424573019
/home/alrescha/Code/isoforks2/APCisos/ch.1_325.APC.gff,3,(302, 351),0.9990971333985403,0.8378666094388421,0.16123052395969828
/home/alrescha/Code/isoforks2/APCisos/ch.1_325.APC.gff,3,(307, 357),0.0004138138590023324,0.0,0.0004138138590023324
/home/alrescha/Code/isoforks2/APCisos/ch.1_326.APC.gff,3,(361, 446),1.938986556359876e-05,0.1069403324810386,-0.106920942615475
/home/alrescha/Code/isoforks2/APCisos/ch.1_326.APC.gff,3,(365, 408),3.2316442605997934e-05,0.006633273839808106,-0.006600957397202108
/home/alrescha/Code/isoforks2/APCisos/ch.1_326.APC.gff,3,(361, 408),0.9999482936918304,0.7034339129819867,0.2965143807098437
/home/alrescha/Code/isoforks2/APCisos/ch.1_327.APC.gff,3,(488, 658),0.9997308058998373,0.4934937987021653,0.5062370071976721
/home/alrescha/Code/isoforks2/APCisos/ch.1_327.APC.gff,3,(488, 663),0.0002131119959620885,0.00026292508241611946,-4.981308645403095e-05
/home/alrescha/Code/isoforks2/APCisos/ch.1_327.APC.gff,3,(608, 658),5.6082104200549606e-05,4.715736006877542e-05,8.92474413177419e-06
/home/alrescha/Code/isoforks2/APCisos/ch.1_330.APC.gff,3,(436, 481),0.0046390103444598485,0.029054374411204356,-0.024415364066744508
/home/alrescha/Code/isoforks2/APCisos/ch.1_330.APC.gff,3,(412, 481),0.9869894422523195,0.666045469834856,0.32094397241746353
/home/alrescha/Code/isoforks2/APCisos/ch.1_330.APC.gff,3,(366, 481),0.008371547403220646,0.0004088538640415617,0.007962693539179085
/home/alrescha/Code/isoforks2/APCisos/ch.1_331.APC.gff,3,(175, 241),0.9996489025544999,0.7201972726369243,0.27945162991757555
/home/alrescha/Code/isoforks2/APCisos/ch.1_331.APC.gff,3,(175, 243),0.00011703248183336703,6.567894527218724e-05,5.1353536561179786e-05
/home/alrescha/Code/isoforks2/APCisos/ch.1_331.APC.gff,3,(175, 294),0.00023406496366673406,0.00018144435988288487,5.262060378384919e-05
/home/alrescha/Code/isoforks2/APCisos/ch.1_332.APC.gff,2,(282, 426),0.999977222318711,0.24828738566535366,0.7516898366533573
/home/alrescha/Code/isoforks2/APCisos/ch.1_332.APC.gff,2,(282, 479),2.2777681288988985e-05,0.0,2.2777681288988985e-05
/home/alrescha/Code/isoforks2/APCisos/ch.1_333.APC.gff,3,(387, 437),0.0002586618404025092,0.0036502328133208423,-0.003391570972918333
/home/alrescha/Code/isoforks2/APCisos/ch.1_333.APC.gff,3,(387, 433),0.9997358513932859,0.91339625794201,0.08633959345127595
/home/alrescha/Code/isoforks2/APCisos/ch.1_333.APC.gff,3,(318, 362),5.486766311568376e-06,0.0002850410822781593,-0.00027955431596659095
/home/alrescha/Code/isoforks2/APCisos/ch.1_334.APC.gff,3,(29, 78),3.0408846947205173e-05,0.0,3.0408846947205173e-05
/home/alrescha/Code/isoforks2/APCisos/ch.1_334.APC.gff,3,(180, 309),0.9998682283298954,0.5493733545010507,0.4504948738288447
/home/alrescha/Code/isoforks2/APCisos/ch.1_334.APC.gff,3,(180, 311),0.00010136282315735057,0.03645137049563801,-0.03635000767248066
/home/alrescha/Code/isoforks2/APCisos/ch.1_336.APC.gff,2,(295, 332),0.0016138959173904123,0.01833414943021343,-0.016720253512823018
/home/alrescha/Code/isoforks2/APCisos/ch.1_336.APC.gff,2,(295, 344),0.9983861040826096,0.8220180408045028,0.17636806327810683
/home/alrescha/Code/isoforks2/APCisos/ch.1_34.APC.gff,3,(187, 218),2.0274982833847866e-06,0.0,2.0274982833847866e-06
/home/alrescha/Code/isoforks2/APCisos/ch.1_34.APC.gff,3,(240, 325),0.9998742951064301,0.9976749997850479,0.0021992953213821886
/home/alrescha/Code/isoforks2/APCisos/ch.1_34.APC.gff,3,(246, 325),0.000123677395286472,0.00029686280560851946,-0.00017318541032204746
/home/alrescha/Code/isoforks2/APCisos/ch.1_341.APC.gff,2,(183, 260),4.6441785222223944e-05,1.4550537634466144e-06,4.498673145877733e-05
/home/alrescha/Code/isoforks2/APCisos/ch.1_341.APC.gff,2,(183, 258),0.9999535582147778,0.8582670365882165,0.14168652162656137
/home/alrescha/Code/isoforks2/APCisos/ch.1_342.APC.gff,3,(274, 321),0.9997135491263248,0.4562905374497622,0.5434230116765626
/home/alrescha/Code/isoforks2/APCisos/ch.1_342.APC.gff,3,(278, 321),0.00013020494257962031,0.006666373633949178,-0.006536168691369557
/home/alrescha/Code/isoforks2/APCisos/ch.1_342.APC.gff,3,(380, 529),0.0001562459310955444,0.0,0.0001562459310955444
/home/alrescha/Code/isoforks2/APCisos/ch.1_343.APC.gff,3,(360, 406),0.9994969028079113,0.5029817351889878,0.49651516761892345
/home/alrescha/Code/isoforks2/APCisos/ch.1_343.APC.gff,3,(358, 406),0.0003773228940665975,0.04591153310928103,-0.045534210215214435
/home/alrescha/Code/isoforks2/APCisos/ch.1_343.APC.gff,3,(150, 245),0.00012577429802219917,0.035201917574289886,-0.035076143276267686
/home/alrescha/Code/isoforks2/APCisos/ch.1_345.APC.gff,2,(246, 327),0.00012099945550245024,1.8617533394635624e-05,0.0001023819221078146
/home/alrescha/Code/isoforks2/APCisos/ch.1_345.APC.gff,2,(246, 293),0.9998790005444975,0.9353972170854946,0.0644817834590029
/home/alrescha/Code/isoforks2/APCisos/ch.1_348.APC.gff,1,(344, 388),1.0,0.648211599234721,0.35178840076527895
/home/alrescha/Code/isoforks2/APCisos/ch.1_349.APC.gff,1,(228, 274),1.0,0.9814796331073108,0.01852036689268921
/home/alrescha/Code/isoforks2/APCisos/ch.1_35.APC.gff,3,(167, 211),0.018234577631296125,0.0012079376454271426,0.017026639985868983
/home/alrescha/Code/isoforks2/APCisos/ch.1_35.APC.gff,3,(167, 221),0.9776098015332808,0.972214179534503,0.005395621998777855
/home/alrescha/Code/isoforks2/APCisos/ch.1_35.APC.gff,3,(180, 221),0.004155620835423085,0.014610047183515638,-0.010454426348092552
/home/alrescha/Code/isoforks2/APCisos/ch.1_351.APC.gff,3,(173, 218),0.9995544063562992,0.7042651408269258,0.2952892655293734
/home/alrescha/Code/isoforks2/APCisos/ch.1_351.APC.gff,3,(173, 225),0.00041421380963737464,0.0,0.00041421380963737464
/home/alrescha/Code/isoforks2/APCisos/ch.1_351.APC.gff,3,(688, 767),3.1379834063437476e-05,0.0,3.1379834063437476e-05
/home/alrescha/Code/isoforks2/APCisos/ch.1_354.APC.gff,2,(181, 239),0.9996955859969558,0.8880402228721459,0.11165536312480995
/home/alrescha/Code/isoforks2/APCisos/ch.1_354.APC.gff,2,(185, 239),0.00030441400304414006,0.0678519517789121,-0.06754753777586796
/home/alrescha/Code/isoforks2/APCisos/ch.1_355.APC.gff,1,(272, 327),1.0,0.5910564763345104,0.4089435236654896
/home/alrescha/Code/isoforks2/APCisos/ch.1_356.APC.gff,3,(214, 386),0.00038295675918679963,0.0013564325118618206,-0.000973475752675021
/home/alrescha/Code/isoforks2/APCisos/ch.1_356.APC.gff,3,(214, 396),0.999575417506119,0.0022398297033053827,0.9973355878028136
/home/alrescha/Code/isoforks2/APCisos/ch.1_356.APC.gff,3,(340, 396),4.162573469421735e-05,0.0,4.162573469421735e-05
/home/alrescha/Code/isoforks2/APCisos/ch.1_359.APC.gff,3,(354, 599),1.5686212995243156e-05,0.00022969163825815083,-0.00021400542526290767
/home/alrescha/Code/isoforks2/APCisos/ch.1_359.APC.gff,3,(359, 586),0.5684958098203536,0.19587578666516137,0.37262002315519227
/home/alrescha/Code/isoforks2/APCisos/ch.1_359.APC.gff,3,(354, 586),0.4314885039666511,0.4307054958101124,0.0007830081565387004
/home/alrescha/Code/isoforks2/APCisos/ch.1_36.APC.gff,2,(273, 383),0.0001404297149276787,0.01639978881976102,-0.016259359104833344
/home/alrescha/Code/isoforks2/APCisos/ch.1_36.APC.gff,2,(269, 383),0.9998595702850723,0.9418878681559494,0.05797170212912295
/home/alrescha/Code/isoforks2/APCisos/ch.1_360.APC.gff,2,(350, 562),0.9999745928504281,0.823382883574502,0.17659170927592616
/home/alrescha/Code/isoforks2/APCisos/ch.1_360.APC.gff,2,(112, 161),2.540714957188953e-05,0.0,2.540714957188953e-05
/home/alrescha/Code/isoforks2/APCisos/ch.1_363.APC.gff,2,(362, 416),0.9984545542354873,0.8678055979521453,0.13064895628334205
/home/alrescha/Code/isoforks2/APCisos/ch.1_363.APC.gff,2,(362, 426),0.0015454457645127017,0.005775150126295022,-0.00422970436178232
/home/alrescha/Code/isoforks2/APCisos/ch.1_366.APC.gff,2,(201, 624),0.002779101159282198,0.016969749654566862,-0.014190648495284664
/home/alrescha/Code/isoforks2/APCisos/ch.1_366.APC.gff,2,(201, 556),0.9972208988407179,0.8450025369920944,0.15221836184862347
/home/alrescha/Code/isoforks2/APCisos/ch.1_368.APC.gff,2,(162, 506),0.9992617449664429,0.8387044086040434,0.16055733636239955
/home/alrescha/Code/isoforks2/APCisos/ch.1_368.APC.gff,2,(162, 550),0.000738255033557047,0.03927132689921873,-0.03853307186566168
/home/alrescha/Code/isoforks2/APCisos/ch.1_369.APC.gff,1,(303, 843),1.0,0.4368002503133077,0.5631997496866923
/home/alrescha/Code/isoforks2/APCisos/ch.1_37.APC.gff,1,(319, 369),1.0,0.9831949677964006,0.016805032203599413
/home/alrescha/Code/isoforks2/APCisos/ch.1_370.APC.gff,3,(159, 430),0.0004805670691415871,0.0,0.0004805670691415871
/home/alrescha/Code/isoforks2/APCisos/ch.1_370.APC.gff,3,(159, 443),0.9993392202799303,0.001537186839064172,0.9978020334408662
/home/alrescha/Code/isoforks2/APCisos/ch.1_370.APC.gff,3,(240, 402),0.00018021265092809516,0.0,0.00018021265092809516
/home/alrescha/Code/isoforks2/APCisos/ch.1_379.APC.gff,1,(243, 369),1.0,0.34646135730490907,0.6535386426950909
/home/alrescha/Code/isoforks2/APCisos/ch.1_38.APC.gff,3,(225, 288),1.171303074670571e-05,0.07053703452001013,-0.07052532148926342
/home/alrescha/Code/isoforks2/APCisos/ch.1_38.APC.gff,3,(225, 317),0.9999838945827233,0.7979589415235845,0.2020249530591388
/home/alrescha/Code/isoforks2/APCisos/ch.1_38.APC.gff,3,(225, 372),4.3923865300146415e-06,0.0008538695555202024,-0.0008494771689901877
/home/alrescha/Code/isoforks2/APCisos/ch.1_380.APC.gff,3,(387, 448),2.1287299784075823e-06,0.0007944706601032453,-0.0007923419301248377
/home/alrescha/Code/isoforks2/APCisos/ch.1_380.APC.gff,3,(387, 433),0.9999709073569618,0.4343479568948368,0.5656229504621251
/home/alrescha/Code/isoforks2/APCisos/ch.1_380.APC.gff,3,(196, 249),2.6963913059829376e-05,0.05322836157649663,-0.0532013976634368
/home/alrescha/Code/isoforks2/APCisos/ch.1_384.APC.gff,3,(188, 479),3.0250836152018013e-05,0.08777702330088495,-0.08774677246473293
/home/alrescha/Code/isoforks2/APCisos/ch.1_384.APC.gff,3,(188, 503),0.9998374017556829,0.41802210462716266,0.5818152971285202
/home/alrescha/Code/isoforks2/APCisos/ch.1_384.APC.gff,3,(192, 503),0.0001323474081650788,0.06476664271101953,-0.06463429530285446
/home/alrescha/Code/isoforks2/APCisos/ch.1_385.APC.gff,2,(401, 477),0.0011188130852486926,0.0010550797513017658,6.373333394692681e-05
/home/alrescha/Code/isoforks2/APCisos/ch.1_385.APC.gff,2,(397, 477),0.9988811869147514,0.7412617452930458,0.2576194416217056
/home/alrescha/Code/isoforks2/APCisos/ch.1_388.APC.gff,1,(197, 482),1.0,0.29735641478678154,0.7026435852132185
/home/alrescha/Code/isoforks2/APCisos/ch.1_39.APC.gff,3,(192, 235),0.0010382932436775359,7.294809955754767e-07,0.0010375637626819604
/home/alrescha/Code/isoforks2/APCisos/ch.1_39.APC.gff,3,(188, 235),0.0020395045857951595,0.00015439613970859523,0.0018851084460865643
/home/alrescha/Code/isoforks2/APCisos/ch.1_39.APC.gff,3,(188, 232),0.9969222021705273,0.9968768957560747,4.530641445255057e-05
/home/alrescha/Code/isoforks2/APCisos/ch.1_393.APC.gff,2,(182, 638),0.0002050440844781628,0.0,0.0002050440844781628
/home/alrescha/Code/isoforks2/APCisos/ch.1_393.APC.gff,2,(182, 555),0.9997949559155218,0.11460464025001199,0.8851903156655099
/home/alrescha/Code/isoforks2/APCisos/ch.1_397.APC.gff,2,(396, 445),0.9987973419218068,0.3617650106666962,0.6370323312551106
/home/alrescha/Code/isoforks2/APCisos/ch.1_397.APC.gff,2,(400, 445),0.001202658078193159,0.4371588134488582,-0.43595615537066507
/home/alrescha/Code/isoforks2/APCisos/ch.1_4.APC.gff,3,(191, 249),0.00020045436322330617,0.00010380307530624924,9.665128791705693e-05
/home/alrescha/Code/isoforks2/APCisos/ch.1_4.APC.gff,3,(195, 245),0.00021381798743819324,0.002140063791260518,-0.0019262458038223245
/home/alrescha/Code/isoforks2/APCisos/ch.1_4.APC.gff,3,(191, 245),0.9995857276493385,0.9971297768229234,0.002455950826415143
/home/alrescha/Code/isoforks2/APCisos/ch.1_40.APC.gff,3,(198, 242),0.9960125729681185,0.9960251920101816,-1.2619042063066743e-05
/home/alrescha/Code/isoforks2/APCisos/ch.1_40.APC.gff,3,(198, 245),0.0016524472384373597,0.000845718919932688,0.0008067283185046717
/home/alrescha/Code/isoforks2/APCisos/ch.1_40.APC.gff,3,(202, 245),0.002334979793444095,3.561599292376124e-06,0.002331418194151719
/home/alrescha/Code/isoforks2/APCisos/ch.1_401.APC.gff,3,(98, 168),4.2719220801412583e-05,0.0,4.2719220801412583e-05
/home/alrescha/Code/isoforks2/APCisos/ch.1_401.APC.gff,3,(348, 514),0.99990032181813,0.05241004351498131,0.9474902783031487
/home/alrescha/Code/isoforks2/APCisos/ch.1_401.APC.gff,3,(352, 519),5.695896106855011e-05,0.0,5.695896106855011e-05
/home/alrescha/Code/isoforks2/APCisos/ch.1_402.APC.gff,1,(436, 509),1.0,0.8015517210580712,0.19844827894192885
/home/alrescha/Code/isoforks2/APCisos/ch.1_403.APC.gff,3,(79, 129),0.05066938471489896,0.0,0.05066938471489896
/home/alrescha/Code/isoforks2/APCisos/ch.1_403.APC.gff,3,(324, 366),0.9485661642197699,0.6364493732951244,0.3121167909246455
/home/alrescha/Code/isoforks2/APCisos/ch.1_403.APC.gff,3,(324, 372),0.0007644510653311642,0.00865763556286385,-0.007893184497532686
/home/alrescha/Code/isoforks2/APCisos/ch.1_408.APC.gff,3,(376, 424),7.290046656298601e-05,0.0,7.290046656298601e-05
/home/alrescha/Code/isoforks2/APCisos/ch.1_408.APC.gff,3,(264, 348),4.860031104199067e-05,0.03811198955488172,-0.03806338924383973
/home/alrescha/Code/isoforks2/APCisos/ch.1_408.APC.gff,3,(260, 348),0.999878499222395,0.2347672734048871,0.7651112258175079
/home/alrescha/Code/isoforks2/APCisos/ch.1_409.APC.gff,2,(230, 281),3.924533830789799e-06,0.03430644626256439,-0.034302521728733604
/home/alrescha/Code/isoforks2/APCisos/ch.1_409.APC.gff,2,(445, 495),0.9999960754661692,0.20569029570110747,0.7943057797650617
/home/alrescha/Code/isoforks2/APCisos/ch.1_41.APC.gff,1,(275, 363),1.0,0.9466168485303721,0.05338315146962791
/home/alrescha/Code/isoforks2/APCisos/ch.1_410.APC.gff,1,(201, 354),1.0,0.7769727578004721,0.22302724219952785
/home/alrescha/Code/isoforks2/APCisos/ch.1_413.APC.gff,2,(273, 315),0.3925399644760213,0.17312496420586432,0.21941500027015698
/home/alrescha/Code/isoforks2/APCisos/ch.1_413.APC.gff,2,(273, 324),0.6074600355239786,0.4374587579152333,0.17000127760874534
/home/alrescha/Code/isoforks2/APCisos/ch.1_414.APC.gff,2,(299, 345),0.999904294008805,0.7609750166388279,0.23892927736997704
/home/alrescha/Code/isoforks2/APCisos/ch.1_414.APC.gff,2,(299, 330),9.570599119504881e-05,0.0,9.570599119504881e-05
/home/alrescha/Code/isoforks2/APCisos/ch.1_416.APC.gff,1,(435, 683),1.0,0.4278370670383197,0.5721629329616803
/home/alrescha/Code/isoforks2/APCisos/ch.1_417.APC.gff,2,(80, 156),0.001041648275983828,0.0,0.001041648275983828
/home/alrescha/Code/isoforks2/APCisos/ch.1_417.APC.gff,2,(232, 645),0.9989583517240161,0.9592046326858417,0.039753719038174484
/home/alrescha/Code/isoforks2/APCisos/ch.1_419.APC.gff,3,(210, 282),4.315231590633594e-05,0.0,4.315231590633594e-05
/home/alrescha/Code/isoforks2/APCisos/ch.1_419.APC.gff,3,(206, 280),0.00015299457457700923,0.005369744627771472,-0.005216750053194463
/home/alrescha/Code/isoforks2/APCisos/ch.1_419.APC.gff,3,(206, 278),0.9998038531095167,0.12738398145112267,0.872419871658394
/home/alrescha/Code/isoforks2/APCisos/ch.1_42.APC.gff,2,(148, 192),0.9999116685805141,0.9947936431841524,0.005118025396361636
/home/alrescha/Code/isoforks2/APCisos/ch.1_42.APC.gff,2,(254, 292),8.833141948591114e-05,0.0,8.833141948591114e-05
/home/alrescha/Code/isoforks2/APCisos/ch.1_421.APC.gff,3,(593, 779),5.944331337028726e-05,0.0,5.944331337028726e-05
/home/alrescha/Code/isoforks2/APCisos/ch.1_421.APC.gff,3,(593, 647),0.9999108350299446,0.9225258346274219,0.07738500040252272
/home/alrescha/Code/isoforks2/APCisos/ch.1_421.APC.gff,3,(572, 647),2.972165668514363e-05,0.009461774310422935,-0.009432052653737791
/home/alrescha/Code/isoforks2/APCisos/ch.1_425.APC.gff,2,(252, 295),0.003968953960134062,0.13756328866873072,-0.13359433470859666
/home/alrescha/Code/isoforks2/APCisos/ch.1_425.APC.gff,2,(193, 295),0.9960310460398659,0.33539160800774176,0.6606394380321241
/home/alrescha/Code/isoforks2/APCisos/ch.1_426.APC.gff,3,(210, 263),4.49241343680859e-05,0.0031626054891021114,-0.0031176813547340253
/home/alrescha/Code/isoforks2/APCisos/ch.1_426.APC.gff,3,(328, 403),0.9987645863048776,0.5739190083570803,0.4248455779477973
/home/alrescha/Code/isoforks2/APCisos/ch.1_426.APC.gff,3,(360, 403),0.0011904895607542762,0.001417171950269497,-0.00022668238951522083
/home/alrescha/Code/isoforks2/APCisos/ch.1_427.APC.gff,2,(339, 514),0.0004123711340206186,0.02340719061350811,-0.02299481947948749
/home/alrescha/Code/isoforks2/APCisos/ch.1_427.APC.gff,2,(339, 499),0.9995876288659794,0.7511938729071865,0.24839375595879287
/home/alrescha/Code/isoforks2/APCisos/ch.1_428.APC.gff,2,(321, 527),0.00040746475429875314,0.0034120670444611986,-0.0030046022901624456
/home/alrescha/Code/isoforks2/APCisos/ch.1_428.APC.gff,2,(321, 512),0.9995925352457012,0.9362438198986088,0.06334871534709241
/home/alrescha/Code/isoforks2/APCisos/ch.1_430.APC.gff,3,(256, 507),0.9949102550267976,0.033120205761097955,0.9617900492656997
/home/alrescha/Code/isoforks2/APCisos/ch.1_430.APC.gff,3,(256, 517),7.193985827847919e-05,0.048550235127145354,-0.04847829526886688
/home/alrescha/Code/isoforks2/APCisos/ch.1_430.APC.gff,3,(260, 510),0.005017805114923924,0.000686442673218293,0.0043313624417056305
/home/alrescha/Code/isoforks2/APCisos/ch.1_431.APC.gff,3,(739, 773),6.233636703652911e-05,0.0,6.233636703652911e-05
/home/alrescha/Code/isoforks2/APCisos/ch.1_431.APC.gff,3,(366, 411),0.9977766695756971,0.24270230416034155,0.7550743654153556
/home/alrescha/Code/isoforks2/APCisos/ch.1_431.APC.gff,3,(131, 213),0.0021609940572663426,0.0,0.0021609940572663426
/home/alrescha/Code/isoforks2/APCisos/ch.1_433.APC.gff,3,(222, 295),0.00015675291560423023,0.030465670630443156,-0.030308917714838925
/home/alrescha/Code/isoforks2/APCisos/ch.1_433.APC.gff,3,(222, 504),0.9993834385319567,0.1919825033199528,0.8074009352120038
/home/alrescha/Code/isoforks2/APCisos/ch.1_433.APC.gff,3,(520, 544),0.00045980855243907536,0.0,0.00045980855243907536
/home/alrescha/Code/isoforks2/APCisos/ch.1_436.APC.gff,2,(82, 144),0.0006448209156457003,0.0,0.0006448209156457003
/home/alrescha/Code/isoforks2/APCisos/ch.1_436.APC.gff,2,(270, 316),0.9993551790843543,0.5780675921518827,0.4212875869324716
/home/alrescha/Code/isoforks2/APCisos/ch.1_438.APC.gff,3,(199, 653),0.9986967701032017,0.12368988034326828,0.8750068897599335
/home/alrescha/Code/isoforks2/APCisos/ch.1_438.APC.gff,3,(199, 680),0.0006340037335775422,0.23930775881010508,-0.23867375507652752
/home/alrescha/Code/isoforks2/APCisos/ch.1_438.APC.gff,3,(698, 741),0.000669226163220739,0.009665010020596436,-0.008995783857375697
/home/alrescha/Code/isoforks2/APCisos/ch.1_44.APC.gff,1,(195, 244),1.0,0.9663368181128423,0.03366318188715767
/home/alrescha/Code/isoforks2/APCisos/ch.1_441.APC.gff,3,(411, 461),0.0006466214031684449,0.0057084157238803486,-0.005061794320711904
/home/alrescha/Code/isoforks2/APCisos/ch.1_441.APC.gff,3,(414, 461),0.9984373316090096,0.9414184682407799,0.0570188633682297
/home/alrescha/Code/isoforks2/APCisos/ch.1_441.APC.gff,3,(496, 735),0.0009160469878219636,0.0,0.0009160469878219636
/home/alrescha/Code/isoforks2/APCisos/ch.1_443.APC.gff,3,(363, 411),0.00010495382031905961,0.005774257877070151,-0.005669304056751092
/home/alrescha/Code/isoforks2/APCisos/ch.1_443.APC.gff,3,(363, 484),0.9996851385390428,0.8236290488862963,0.17605608965274655
/home/alrescha/Code/isoforks2/APCisos/ch.1_443.APC.gff,3,(363, 488),0.00020990764063811922,0.0,0.00020990764063811922
/home/alrescha/Code/isoforks2/APCisos/ch.1_446.APC.gff,3,(248, 562),0.00024177949709864604,0.0,0.00024177949709864604
/home/alrescha/Code/isoforks2/APCisos/ch.1_446.APC.gff,3,(458, 557),0.002357350096711799,0.0002459786119163158,0.002111371484795483
/home/alrescha/Code/isoforks2/APCisos/ch.1_446.APC.gff,3,(244, 557),0.9974008704061895,0.9020759479675494,0.0953249224386401
/home/alrescha/Code/isoforks2/APCisos/ch.1_45.APC.gff,2,(199, 245),5.55978974728439e-05,0.008035765608207273,-0.00798016771073443
/home/alrescha/Code/isoforks2/APCisos/ch.1_45.APC.gff,2,(195, 245),0.9999444021025271,0.9833725594894943,0.016571842613032794
/home/alrescha/Code/isoforks2/APCisos/ch.1_453.APC.gff,3,(301, 369),0.9995731900449948,0.45153163867236806,0.5480415513726267
/home/alrescha/Code/isoforks2/APCisos/ch.1_453.APC.gff,3,(301, 383),0.00040434627316286395,0.07291380597529173,-0.07250945970212887
/home/alrescha/Code/isoforks2/APCisos/ch.1_453.APC.gff,3,(305, 369),2.246368184238133e-05,0.023551900518697627,-0.023529436836855246
/home/alrescha/Code/isoforks2/APCisos/ch.1_454.APC.gff,3,(513, 555),0.9997520524546807,0.396804301308979,0.6029477511457018
/home/alrescha/Code/isoforks2/APCisos/ch.1_454.APC.gff,3,(509, 555),4.1324590886550226e-05,0.0,4.1324590886550226e-05
/home/alrescha/Code/isoforks2/APCisos/ch.1_454.APC.gff,3,(503, 555),0.00020662295443275112,0.0002644719120477328,-5.784895761498169e-05
/home/alrescha/Code/isoforks2/APCisos/ch.1_455.APC.gff,3,(469, 529),0.003927310309189562,0.009192147503261734,-0.005264837194072172
/home/alrescha/Code/isoforks2/APCisos/ch.1_455.APC.gff,3,(469, 520),0.9951253122039445,0.7275758953285401,0.26754941687540446
/home/alrescha/Code/isoforks2/APCisos/ch.1_455.APC.gff,3,(450, 520),0.0009473774868659031,0.11709512862038718,-0.11614775113352127
/home/alrescha/Code/isoforks2/APCisos/ch.1_456.APC.gff,2,(436, 539),0.00011064767375292856,0.00037739292461384615,-0.0002667452508609176
/home/alrescha/Code/isoforks2/APCisos/ch.1_456.APC.gff,2,(436, 483),0.9998893523262471,0.9445542691160659,0.05533508321018121
/home/alrescha/Code/isoforks2/APCisos/ch.1_459.APC.gff,3,(139, 236),0.9991670214538252,0.64669001555342,0.3524770059004052
/home/alrescha/Code/isoforks2/APCisos/ch.1_459.APC.gff,3,(139, 245),0.00018510634359439497,0.002158339357320574,-0.001973233013726179
/home/alrescha/Code/isoforks2/APCisos/ch.1_459.APC.gff,3,(139, 290),0.0006478722025803824,0.0022865211858782565,-0.001638648983297874
/home/alrescha/Code/isoforks2/APCisos/ch.1_46.APC.gff,1,(149, 193),1.0,0.9933573817799742,0.006642618220025764
/home/alrescha/Code/isoforks2/APCisos/ch.1_460.APC.gff,2,(373, 499),0.002287728193158456,0.011524004635149198,-0.009236276441990742
/home/alrescha/Code/isoforks2/APCisos/ch.1_460.APC.gff,2,(373, 507),0.9977122718068415,0.8252902399943967,0.17242203181244486
/home/alrescha/Code/isoforks2/APCisos/ch.1_461.APC.gff,3,(249, 686),0.009127679028033906,0.0067026569229520746,0.002425022105081832
/home/alrescha/Code/isoforks2/APCisos/ch.1_461.APC.gff,3,(249, 681),0.9907793395217654,0.916891674239317,0.0738876652824485
/home/alrescha/Code/isoforks2/APCisos/ch.1_461.APC.gff,3,(172, 681),9.298145020068497e-05,0.0044698073659844234,-0.004376825915783739
/home/alrescha/Code/isoforks2/APCisos/ch.1_463.APC.gff,1,(193, 478),1.0,0.0,1.0
/home/alrescha/Code/isoforks2/APCisos/ch.1_464.APC.gff,2,(565, 651),7.097064181117079e-05,0.0,7.097064181117079e-05
/home/alrescha/Code/isoforks2/APCisos/ch.1_464.APC.gff,2,(237, 289),0.9999290293581888,0.207510030482545,0.7924189988756438
/home/alrescha/Code/isoforks2/APCisos/ch.1_466.APC.gff,3,(279, 323),0.9999926345089327,0.9015590338591823,0.09843360064975037
/home/alrescha/Code/isoforks2/APCisos/ch.1_466.APC.gff,3,(541, 579),2.678360388121204e-06,0.0,2.678360388121204e-06
/home/alrescha/Code/isoforks2/APCisos/ch.1_466.APC.gff,3,(560, 590),4.687130679212107e-06,0.0,4.687130679212107e-06
/home/alrescha/Code/isoforks2/APCisos/ch.1_469.APC.gff,2,(395, 439),0.9998928016294152,0.685615406735319,0.31427739489409623
/home/alrescha/Code/isoforks2/APCisos/ch.1_469.APC.gff,2,(758, 807),0.00010719837058476711,0.0,0.00010719837058476711
/home/alrescha/Code/isoforks2/APCisos/ch.1_47.APC.gff,1,(184, 237),1.0,0.9448616388352638,0.05513836116473625
/home/alrescha/Code/isoforks2/APCisos/ch.1_476.APC.gff,3,(435, 494),0.9997753563855473,0.8517584695820591,0.14801688680348812
/home/alrescha/Code/isoforks2/APCisos/ch.1_476.APC.gff,3,(435, 512),0.00021624572232369676,0.0009686365789579815,-0.0007523908566342848
/home/alrescha/Code/isoforks2/APCisos/ch.1_476.APC.gff,3,(435, 518),8.397892129075601e-06,0.0009102775811962952,-0.0009018796890672196
/home/alrescha/Code/isoforks2/APCisos/ch.1_479.APC.gff,1,(285, 545),1.0,0.34177783642512943,0.6582221635748706
/home/alrescha/Code/isoforks2/APCisos/ch.1_48.APC.gff,1,(161, 209),1.0,0.8375611269126362,0.16243887308736382
/home/alrescha/Code/isoforks2/APCisos/ch.1_481.APC.gff,2,(353, 448),0.00533689126084056,0.09391933408706013,-0.08858244282621958
/home/alrescha/Code/isoforks2/APCisos/ch.1_481.APC.gff,2,(353, 456),0.9946631087391594,0.6658239810696251,0.32883912766953427
/home/alrescha/Code/isoforks2/APCisos/ch.1_483.APC.gff,3,(604, 666),1.4707391302450785e-07,0.0,1.4707391302450785e-07
/home/alrescha/Code/isoforks2/APCisos/ch.1_483.APC.gff,3,(268, 582),0.9999996568275362,0.9447358242147098,0.05526383261282641
/home/alrescha/Code/isoforks2/APCisos/ch.1_483.APC.gff,3,(244, 582),1.960985506993438e-07,0.002470506541623883,-0.0024703104430731835
/home/alrescha/Code/isoforks2/APCisos/ch.1_487.APC.gff,2,(289, 378),0.00015371188140737556,0.0019755257634001943,-0.0018218138819928187
/home/alrescha/Code/isoforks2/APCisos/ch.1_487.APC.gff,2,(289, 342),0.9998462881185927,0.7704666880293953,0.22937960008919733
/home/alrescha/Code/isoforks2/APCisos/ch.1_488.APC.gff,2,(308, 590),0.9992740674558857,0.24019575189513398,0.7590783155607517
/home/alrescha/Code/isoforks2/APCisos/ch.1_488.APC.gff,2,(891, 933),0.0007259325441143623,0.0,0.0007259325441143623
/home/alrescha/Code/isoforks2/APCisos/ch.1_49.APC.gff,2,(185, 238),0.999803868690088,0.9828510278069386,0.01695284088314941
/home/alrescha/Code/isoforks2/APCisos/ch.1_49.APC.gff,2,(191, 238),0.00019613130991198607,0.005740296265393762,-0.005544164955481776
/home/alrescha/Code/isoforks2/APCisos/ch.1_493.APC.gff,3,(476, 625),0.01920532822407737,0.015303367389781058,0.0039019608342963103
/home/alrescha/Code/isoforks2/APCisos/ch.1_493.APC.gff,3,(476, 635),0.9807262442406824,0.4514585449402893,0.5292676993003931
/home/alrescha/Code/isoforks2/APCisos/ch.1_493.APC.gff,3,(522, 568),6.842753524018066e-05,0.0,6.842753524018066e-05
/home/alrescha/Code/isoforks2/APCisos/ch.1_496.APC.gff,2,(273, 316),8.800492827598346e-05,0.037442589123856264,-0.03735458419558028
/home/alrescha/Code/isoforks2/APCisos/ch.1_496.APC.gff,2,(269, 316),0.999911995071724,0.8543085134187459,0.1456034816529781
/home/alrescha/Code/isoforks2/APCisos/ch.1_499.APC.gff,2,(195, 290),0.9997660476677876,0.3146032519228743,0.6851627957449133
/home/alrescha/Code/isoforks2/APCisos/ch.1_499.APC.gff,2,(392, 446),0.00023395233221231175,0.0,0.00023395233221231175
/home/alrescha/Code/isoforks2/APCisos/ch.1_500.APC.gff,3,(256, 400),1.6526876833450398e-05,0.0048158865774582975,-0.004799359700624847
/home/alrescha/Code/isoforks2/APCisos/ch.1_500.APC.gff,3,(256, 387),0.9999812194581438,0.9726052809210011,0.027375938537142708
/home/alrescha/Code/isoforks2/APCisos/ch.1_500.APC.gff,3,(256, 330),2.2536650227432363e-06,1.1092205429039849e-05,-8.838540406296612e-06
/home/alrescha/Code/isoforks2/APCisos/ch.1_504.APC.gff,1,(332, 392),1.0,0.7315043171128386,0.2684956828871614
/home/alrescha/Code/isoforks2/APCisos/ch.1_508.APC.gff,2,(310, 488),0.9993615401615794,0.5654487785689307,0.4339127615926487
/home/alrescha/Code/isoforks2/APCisos/ch.1_508.APC.gff,2,(151, 195),0.0006384598384205486,0.015737414836241866,-0.015098954997821316
/home/alrescha/Code/isoforks2/APCisos/ch.1_51.APC.gff,3,(190, 233),0.9925074925074925,0.7690921250541635,0.22341536745332902
/home/alrescha/Code/isoforks2/APCisos/ch.1_51.APC.gff,3,(55, 169),0.00024975024975024975,0.0,0.00024975024975024975
/home/alrescha/Code/isoforks2/APCisos/ch.1_51.APC.gff,3,(55, 121),0.007242757242757243,0.0,0.007242757242757243
/home/alrescha/Code/isoforks2/APCisos/ch.1_510.APC.gff,3,(489, 538),0.0005834305717619603,0.0,0.0005834305717619603
/home/alrescha/Code/isoforks2/APCisos/ch.1_510.APC.gff,3,(489, 534),0.0002500416736122687,0.0,0.0002500416736122687
/home/alrescha/Code/isoforks2/APCisos/ch.1_510.APC.gff,3,(489, 532),0.9991665277546258,0.6757024023408528,0.323464125413773
/home/alrescha/Code/isoforks2/APCisos/ch.1_511.APC.gff,3,(141, 224),0.00010879814317835642,0.01012582410263451,-0.010017025959456154
/home/alrescha/Code/isoforks2/APCisos/ch.1_511.APC.gff,3,(141, 631),0.9990933488068471,0.14908717286002696,0.8500061759468202
/home/alrescha/Code/isoforks2/APCisos/ch.1_511.APC.gff,3,(277, 631),0.0007978530499746138,0.0011722800177532613,-0.00037442696777864745
/home/alrescha/Code/isoforks2/APCisos/ch.1_513.APC.gff,1,(293, 607),1.0,0.4788506831427401,0.5211493168572598
/home/alrescha/Code/isoforks2/APCisos/ch.1_516.APC.gff,3,(158, 363),1.3591587434681967e-05,0.0,1.3591587434681967e-05
/home/alrescha/Code/isoforks2/APCisos/ch.1_516.APC.gff,3,(277, 537),1.4637094160426734e-05,0.0,1.4637094160426734e-05
/home/alrescha/Code/isoforks2/APCisos/ch.1_516.APC.gff,3,(632, 678),0.9999717713184049,0.817976199590231,0.18199557172817382
/home/alrescha/Code/isoforks2/APCisos/ch.1_518.APC.gff,2,(598, 646),0.9995940899496671,0.8638677317496742,0.1357263581999929
/home/alrescha/Code/isoforks2/APCisos/ch.1_518.APC.gff,2,(352, 396),0.00040591005033284623,0.0016214714749565521,-0.001215561424623706
/home/alrescha/Code/isoforks2/APCisos/ch.1_52.APC.gff,3,(8, 81),0.0002473410833539451,0.0,0.0002473410833539451
/home/alrescha/Code/isoforks2/APCisos/ch.1_52.APC.gff,3,(8, 243),0.0002610822546513865,0.0,0.0002610822546513865
/home/alrescha/Code/isoforks2/APCisos/ch.1_52.APC.gff,3,(197, 243),0.9994915766619946,0.9804367039073584,0.019054872754636243
/home/alrescha/Code/isoforks2/APCisos/ch.1_521.APC.gff,1,(368, 443),1.0,0.8614107677725769,0.13858923222742314
/home/alrescha/Code/isoforks2/APCisos/ch.1_524.APC.gff,3,(599, 642),0.0007830853563038371,0.0,0.0007830853563038371
/home/alrescha/Code/isoforks2/APCisos/ch.1_524.APC.gff,3,(595, 642),0.9990864004176455,0.038982689327943174,0.9601037110897024
/home/alrescha/Code/isoforks2/APCisos/ch.1_524.APC.gff,3,(588, 642),0.00013051422605063953,0.0014422300718977528,-0.0013117158458471132
/home/alrescha/Code/isoforks2/APCisos/ch.1_527.APC.gff,2,(484, 584),0.001171801171801172,0.0,0.001171801171801172
/home/alrescha/Code/isoforks2/APCisos/ch.1_527.APC.gff,2,(363, 584),0.9988281988281988,0.059447697349816545,0.9393805014783823
/home/alrescha/Code/isoforks2/APCisos/ch.1_53.APC.gff,3,(161, 239),0.9999896002614166,0.8935165266666052,0.1064730735948114
/home/alrescha/Code/isoforks2/APCisos/ch.1_53.APC.gff,3,(165, 239),8.757674596558562e-06,0.006945599441116008,-0.0069368417665194495
/home/alrescha/Code/isoforks2/APCisos/ch.1_53.APC.gff,3,(299, 495),1.6420639868547305e-06,0.0,1.6420639868547305e-06
/home/alrescha/Code/isoforks2/APCisos/ch.1_530.APC.gff,1,(317, 371),1.0,0.23871562826096104,0.761284371739039
/home/alrescha/Code/isoforks2/APCisos/ch.1_537.APC.gff,3,(357, 524),0.9997342728918983,0.6779925187089995,0.32174175418289885
/home/alrescha/Code/isoforks2/APCisos/ch.1_537.APC.gff,3,(357, 505),0.00013778442642311628,0.0005312456585768011,-0.00039346123215368485
/home/alrescha/Code/isoforks2/APCisos/ch.1_537.APC.gff,3,(357, 484),0.00012794268167860799,0.009390173392413414,-0.009262230710734806
/home/alrescha/Code/isoforks2/APCisos/ch.1_54.APC.gff,3,(240, 321),0.9999380785782842,0.9846063400091185,0.015331738569165698
/home/alrescha/Code/isoforks2/APCisos/ch.1_54.APC.gff,3,(240, 324),3.4400789842134774e-05,2.713014993700746e-07,3.4129488342764696e-05
/home/alrescha/Code/isoforks2/APCisos/ch.1_54.APC.gff,3,(240, 331),2.752063187370782e-05,2.796019104765149e-06,2.4724612768942672e-05
/home/alrescha/Code/isoforks2/APCisos/ch.1_540.APC.gff,3,(43, 100),0.00024171163022798864,0.0,0.00024171163022798864
/home/alrescha/Code/isoforks2/APCisos/ch.1_540.APC.gff,3,(361, 394),2.8589547661375e-05,0.0,2.8589547661375e-05
/home/alrescha/Code/isoforks2/APCisos/ch.1_540.APC.gff,3,(361, 407),0.9997296988221106,0.9473975371363204,0.052332161685790246
/home/alrescha/Code/isoforks2/APCisos/ch.1_541.APC.gff,2,(467, 915),0.0006276588325545714,0.0006731364937388509,-4.547766118427946e-05
/home/alrescha/Code/isoforks2/APCisos/ch.1_541.APC.gff,2,(467, 935),0.9993723411674454,0.7602176838317999,0.23915465733564556
/home/alrescha/Code/isoforks2/APCisos/ch.1_544.APC.gff,1,(362, 461),1.0,0.8106277023898508,0.18937229761014918
/home/alrescha/Code/isoforks2/APCisos/ch.1_546.APC.gff,3,(451, 496),0.00014894715147232527,0.0027375506606050408,-0.0025886035091327157
/home/alrescha/Code/isoforks2/APCisos/ch.1_546.APC.gff,3,(352, 394),1.0391661730627345e-05,0.0029152342592797375,-0.00290484259754911
/home/alrescha/Code/isoforks2/APCisos/ch.1_546.APC.gff,3,(345, 394),0.999840661186797,0.4850125531188495,0.5148281080679475
/home/alrescha/Code/isoforks2/APCisos/ch.1_547.APC.gff,1,(438, 542),1.0,0.09165543505136642,0.9083445649486336
/home/alrescha/Code/isoforks2/APCisos/ch.1_551.APC.gff,1,(633, 686),1.0,0.3616204667808926,0.6383795332191073
/home/alrescha/Code/isoforks2/APCisos/ch.1_552.APC.gff,2,(211, 387),1.949431740647601e-05,0.0,1.949431740647601e-05
/home/alrescha/Code/isoforks2/APCisos/ch.1_552.APC.gff,2,(528, 577),0.9999805056825936,0.8786898016020732,0.12129070408052034
/home/alrescha/Code/isoforks2/APCisos/ch.1_553.APC.gff,2,(557, 618),0.0002138427542946753,0.06045273860505455,-0.06023889585075987
/home/alrescha/Code/isoforks2/APCisos/ch.1_553.APC.gff,2,(572, 618),0.9997861572457053,0.8881835575133159,0.1116025997323894
/home/alrescha/Code/isoforks2/APCisos/ch.1_554.APC.gff,3,(187, 272),0.0009128529698149952,0.0,0.0009128529698149952
/home/alrescha/Code/isoforks2/APCisos/ch.1_554.APC.gff,3,(319, 849),0.9938534566699123,0.0,0.9938534566699123
/home/alrescha/Code/isoforks2/APCisos/ch.1_554.APC.gff,3,(319, 854),0.005233690360272639,0.0,0.005233690360272639
/home/alrescha/Code/isoforks2/APCisos/ch.1_556.APC.gff,2,(364, 561),2.7836027242191995e-05,0.0,2.7836027242191995e-05
/home/alrescha/Code/isoforks2/APCisos/ch.1_556.APC.gff,2,(148, 274),0.9999721639727578,0.9825834089458505,0.017388755026907288
/home/alrescha/Code/isoforks2/APCisos/ch.1_557.APC.gff,3,(50, 100),0.0020207253886010365,0.0,0.0020207253886010365
/home/alrescha/Code/isoforks2/APCisos/ch.1_557.APC.gff,3,(434, 482),0.9976683937823834,0.14109527297033153,0.8565731208120518
/home/alrescha/Code/isoforks2/APCisos/ch.1_557.APC.gff,3,(434, 506),0.000310880829015544,0.023205986351111534,-0.02289510552209599
/home/alrescha/Code/isoforks2/APCisos/ch.1_558.APC.gff,2,(543, 608),0.9991344477816734,0.8743328382926603,0.12480160948901309
/home/alrescha/Code/isoforks2/APCisos/ch.1_558.APC.gff,2,(543, 644),0.0008655522183265724,0.04087116350872198,-0.04000561129039541
/home/alrescha/Code/isoforks2/APCisos/ch.1_559.APC.gff,2,(271, 621),0.006057959941057687,0.01637766208763308,-0.01031970214657539
/home/alrescha/Code/isoforks2/APCisos/ch.1_559.APC.gff,2,(271, 617),0.9939420400589423,0.1504560635029975,0.8434859765559448
/home/alrescha/Code/isoforks2/APCisos/ch.1_56.APC.gff,2,(164, 212),0.9995516365266777,0.9424230361818996,0.05712860034477807
/home/alrescha/Code/isoforks2/APCisos/ch.1_56.APC.gff,2,(164, 202),0.00044836347332237334,0.000505474712336491,-5.711123901411768e-05
/home/alrescha/Code/isoforks2/APCisos/ch.1_561.APC.gff,1,(182, 231),1.0,0.9344505999827174,0.0655494000172826
/home/alrescha/Code/isoforks2/APCisos/ch.1_565.APC.gff,2,(205, 688),0.0006505576208178438,0.0,0.0006505576208178438
/home/alrescha/Code/isoforks2/APCisos/ch.1_565.APC.gff,2,(448, 688),0.9993494423791821,0.1882780029099799,0.8110714394692022
/home/alrescha/Code/isoforks2/APCisos/ch.1_571.APC.gff,2,(173, 667),0.05072331074894708,0.0,0.05072331074894708
/home/alrescha/Code/isoforks2/APCisos/ch.1_571.APC.gff,2,(173, 592),0.9492766892510529,0.0,0.9492766892510529
/home/alrescha/Code/isoforks2/APCisos/ch.1_573.APC.gff,2,(486, 541),1.33525164486312e-05,0.026825466192426116,-0.026812113675977484
/home/alrescha/Code/isoforks2/APCisos/ch.1_573.APC.gff,2,(482, 541),0.9999866474835514,0.5605352555435363,0.43945139194001503
/home/alrescha/Code/isoforks2/APCisos/ch.1_578.APC.gff,2,(217, 608),0.9995602321460672,0.35766712244256005,0.6418931097035071
/home/alrescha/Code/isoforks2/APCisos/ch.1_578.APC.gff,2,(29, 106),0.0004397678539328728,0.0,0.0004397678539328728
/home/alrescha/Code/isoforks2/APCisos/ch.1_58.APC.gff,2,(203, 372),0.9997698049919431,0.9739311096428007,0.025838695349142404
/home/alrescha/Code/isoforks2/APCisos/ch.1_58.APC.gff,2,(203, 363),0.0002301950080568253,0.0013904733383076422,-0.001160278330250817
/home/alrescha/Code/isoforks2/APCisos/ch.1_581.APC.gff,3,(556, 629),7.51515556372017e-05,0.0,7.51515556372017e-05
/home/alrescha/Code/isoforks2/APCisos/ch.1_581.APC.gff,3,(556, 615),0.9999039730122413,0.007548765187553456,0.9923552078246879
/home/alrescha/Code/isoforks2/APCisos/ch.1_581.APC.gff,3,(450, 615),2.0875432121444915e-05,0.0,2.0875432121444915e-05
/home/alrescha/Code/isoforks2/APCisos/ch.1_583.APC.gff,1,(392, 520),1.0,0.5383563611590146,0.46164363884098536
/home/alrescha/Code/isoforks2/APCisos/ch.1_586.APC.gff,3,(563, 610),0.97480024585126,0.24248236412276614,0.7323178817284939
/home/alrescha/Code/isoforks2/APCisos/ch.1_586.APC.gff,3,(563, 678),0.000279376431804213,0.007101154377817193,-0.00682177794601298
/home/alrescha/Code/isoforks2/APCisos/ch.1_586.APC.gff,3,(563, 684),0.0249203777169358,0.01427561876754842,0.01064475894938738
/home/alrescha/Code/isoforks2/APCisos/ch.1_592.APC.gff,2,(505, 557),0.9899001972150839,0.23445165741979487,0.755448539795289
/home/alrescha/Code/isoforks2/APCisos/ch.1_592.APC.gff,2,(316, 363),0.010099802784916035,0.00633618463035841,0.0037636181545576243
/home/alrescha/Code/isoforks2/APCisos/ch.1_595.APC.gff,2,(285, 548),0.999931759246622,0.08682656043541073,0.9131051988112113
/home/alrescha/Code/isoforks2/APCisos/ch.1_595.APC.gff,2,(688, 726),6.82407533779173e-05,0.001397268242282652,-0.0013290274889047346
/home/alrescha/Code/isoforks2/APCisos/ch.1_596.APC.gff,2,(279, 782),0.9990194830001273,0.0,0.9990194830001273
/home/alrescha/Code/isoforks2/APCisos/ch.1_596.APC.gff,2,(680, 782),0.0009805169998726602,0.07841767902765803,-0.07743716202778538
/home/alrescha/Code/isoforks2/APCisos/ch.1_597.APC.gff,2,(271, 632),0.9997603333210427,0.29536865499798004,0.7043916783230627
/home/alrescha/Code/isoforks2/APCisos/ch.1_597.APC.gff,2,(271, 604),0.00023966667895726558,0.0017988937757532173,-0.0015592270967959517
/home/alrescha/Code/isoforks2/APCisos/ch.1_598.APC.gff,2,(437, 490),0.9997856639823632,0.0,0.9997856639823632
/home/alrescha/Code/isoforks2/APCisos/ch.1_598.APC.gff,2,(428, 490),0.0002143360176367923,0.0,0.0002143360176367923
/home/alrescha/Code/isoforks2/APCisos/ch.1_599.APC.gff,1,(182, 591),1.0,0.22987468012910064,0.7701253198708994
/home/alrescha/Code/isoforks2/APCisos/ch.1_6.APC.gff,2,(196, 237),6.713324270345569e-05,0.005206783700471425,-0.005139650457767969
/home/alrescha/Code/isoforks2/APCisos/ch.1_6.APC.gff,2,(192, 237),0.9999328667572965,0.9944586883270276,0.005474178430268983
/home/alrescha/Code/isoforks2/APCisos/ch.1_60.APC.gff,1,(178, 252),1.0,0.9104262830260084,0.08957371697399164
/home/alrescha/Code/isoforks2/APCisos/ch.1_601.APC.gff,3,(89, 131),9.406806765375426e-05,0.0,9.406806765375426e-05
/home/alrescha/Code/isoforks2/APCisos/ch.1_601.APC.gff,3,(272, 485),0.999774236637631,0.016577900276382913,0.983196336361248
/home/alrescha/Code/isoforks2/APCisos/ch.1_601.APC.gff,3,(272, 495),0.00013169529471525595,0.0,0.00013169529471525595
/home/alrescha/Code/isoforks2/APCisos/ch.1_605.APC.gff,3,(288, 515),2.563401462847768e-05,0.0,2.563401462847768e-05
/home/alrescha/Code/isoforks2/APCisos/ch.1_605.APC.gff,3,(288, 431),0.9999145532845718,0.18506698697357063,0.8148475663110012
/home/alrescha/Code/isoforks2/APCisos/ch.1_605.APC.gff,3,(216, 431),5.981270079978126e-05,0.007494104562952336,-0.007434291862152555
/home/alrescha/Code/isoforks2/APCisos/ch.1_608.APC.gff,2,(435, 662),0.9944055944055944,0.013243610852602186,0.9811619835529922
/home/alrescha/Code/isoforks2/APCisos/ch.1_608.APC.gff,2,(357, 662),0.005594405594405594,0.018171716512606604,-0.01257731091820101
/home/alrescha/Code/isoforks2/APCisos/ch.1_609.APC.gff,3,(194, 587),0.00024496080627099665,0.0069919650401748,-0.0067470042339038035
/home/alrescha/Code/isoforks2/APCisos/ch.1_609.APC.gff,3,(228, 490),0.9995975643896976,0.012209938950305251,0.9873876254393924
/home/alrescha/Code/isoforks2/APCisos/ch.1_609.APC.gff,3,(228, 462),0.00015747480403135498,0.008767956160219201,-0.008610481356187846
/home/alrescha/Code/isoforks2/APCisos/ch.1_61.APC.gff,3,(263, 330),0.00011537422981564671,0.002130309154960075,-0.0020149349251444284
/home/alrescha/Code/isoforks2/APCisos/ch.1_61.APC.gff,3,(263, 314),0.9994501313302403,0.925410971643529,0.07403915968671126
/home/alrescha/Code/isoforks2/APCisos/ch.1_61.APC.gff,3,(225, 314),0.00043449443994403124,0.009804877384921994,-0.009370382944977962
/home/alrescha/Code/isoforks2/APCisos/ch.1_63.APC.gff,2,(240, 284),0.9999599342922393,0.925106694859005,0.0748532394332343
/home/alrescha/Code/isoforks2/APCisos/ch.1_63.APC.gff,2,(244, 284),4.006570776072759e-05,0.07068051146321008,-0.07064044575544935
/home/alrescha/Code/isoforks2/APCisos/ch.1_64.APC.gff,3,(250, 311),3.60575406233267e-05,0.005730574454244044,-0.0056945169136207174
/home/alrescha/Code/isoforks2/APCisos/ch.1_64.APC.gff,3,(254, 296),8.293234343365142e-05,0.005333864656285719,-0.005250932312852068
/home/alrescha/Code/isoforks2/APCisos/ch.1_64.APC.gff,3,(250, 296),0.999881010115943,0.9544466887007347,0.04543432141520831
/home/alrescha/Code/isoforks2/APCisos/ch.1_67.APC.gff,2,(284, 343),0.9998890614599512,0.9763878409695056,0.023501220490445562
/home/alrescha/Code/isoforks2/APCisos/ch.1_67.APC.gff,2,(284, 345),0.00011093854004881296,9.511402011603373e-06,0.00010142713803720958
/home/alrescha/Code/isoforks2/APCisos/ch.1_68.APC.gff,1,(240, 324),1.0,0.9394394815687508,0.06056051843124921
/home/alrescha/Code/isoforks2/APCisos/ch.1_69.APC.gff,1,(378, 558),1.0,0.9123373124690018,0.08766268753099815
/home/alrescha/Code/isoforks2/APCisos/ch.1_7.APC.gff,3,(179, 215),5.621925509486999e-05,0.0011615831166456659,-0.0011053638615507958
/home/alrescha/Code/isoforks2/APCisos/ch.1_7.APC.gff,3,(179, 226),0.999901616303584,0.9286791731555798,0.07122244314800419
/home/alrescha/Code/isoforks2/APCisos/ch.1_7.APC.gff,3,(183, 226),4.216444132115249e-05,0.005620255618191334,-0.005578091176870182
/home/alrescha/Code/isoforks2/APCisos/ch.1_71.APC.gff,2,(301, 340),0.007186927927317106,0.00508379941814253,0.002103128509174576
/home/alrescha/Code/isoforks2/APCisos/ch.1_71.APC.gff,2,(301, 346),0.9928130720726829,0.9919608033539022,0.0008522687187806355
/home/alrescha/Code/isoforks2/APCisos/ch.1_73.APC.gff,2,(12, 106),0.0003445009043148738,0.0,0.0003445009043148738
/home/alrescha/Code/isoforks2/APCisos/ch.1_73.APC.gff,2,(191, 362),0.9996554990956851,0.9379118703783282,0.061743628717356835
/home/alrescha/Code/isoforks2/APCisos/ch.1_75.APC.gff,1,(221, 284),1.0,0.9866085078277608,0.013391492172239228
/home/alrescha/Code/isoforks2/APCisos/ch.1_76.APC.gff,3,(61, 104),0.00025325004220834034,0.0,0.00025325004220834034
/home/alrescha/Code/isoforks2/APCisos/ch.1_76.APC.gff,3,(250, 299),0.0005909167651527942,0.0,0.0005909167651527942
/home/alrescha/Code/isoforks2/APCisos/ch.1_76.APC.gff,3,(254, 299),0.9991558331926389,0.9388354306466606,0.06032040254597826
/home/alrescha/Code/isoforks2/APCisos/ch.1_77.APC.gff,2,(398, 470),0.00029291154071470416,0.0,0.00029291154071470416
/home/alrescha/Code/isoforks2/APCisos/ch.1_77.APC.gff,2,(236, 289),0.9997070884592852,0.7157279591255563,0.28397912933372893
/home/alrescha/Code/isoforks2/APCisos/ch.1_78.APC.gff,2,(152, 231),9.046548108638186e-06,0.002389227418681102,-0.0023801808705724635
/home/alrescha/Code/isoforks2/APCisos/ch.1_78.APC.gff,2,(152, 255),0.9999909534518914,0.9905612628824791,0.00942969056941223
/home/alrescha/Code/isoforks2/APCisos/ch.1_79.APC.gff,2,(470, 551),3.101501816101619e-05,0.0,3.101501816101619e-05
/home/alrescha/Code/isoforks2/APCisos/ch.1_79.APC.gff,2,(201, 256),0.999968984981839,0.990886655039329,0.009082329942509904
/home/alrescha/Code/isoforks2/APCisos/ch.1_8.APC.gff,1,(162, 209),1.0,0.9943585395639115,0.005641460436088486
/home/alrescha/Code/isoforks2/APCisos/ch.1_80.APC.gff,1,(395, 449),1.0,0.9863853860382051,0.013614613961794864
/home/alrescha/Code/isoforks2/APCisos/ch.1_81.APC.gff,1,(270, 313),1.0,0.9966538619319085,0.0033461380680914754
/home/alrescha/Code/isoforks2/APCisos/ch.1_82.APC.gff,2,(209, 265),0.0009823423954419314,3.1569082506776406e-06,0.0009791854871912537
/home/alrescha/Code/isoforks2/APCisos/ch.1_82.APC.gff,2,(209, 262),0.9990176576045581,0.9945719623010119,0.0044456953035462154
/home/alrescha/Code/isoforks2/APCisos/ch.1_83.APC.gff,2,(279, 326),0.9999190886141498,0.9110554051102299,0.08886368350391993
/home/alrescha/Code/isoforks2/APCisos/ch.1_83.APC.gff,2,(118, 167),8.091138585021685e-05,0.0,8.091138585021685e-05
/home/alrescha/Code/isoforks2/APCisos/ch.1_84.APC.gff,3,(86, 148),0.0042779761171980795,0.0,0.0042779761171980795
/home/alrescha/Code/isoforks2/APCisos/ch.1_84.APC.gff,3,(344, 399),0.9928597808691371,0.9554708716723821,0.03738890919675497
/home/alrescha/Code/isoforks2/APCisos/ch.1_84.APC.gff,3,(348, 402),0.002862243013664902,0.0,0.002862243013664902
/home/alrescha/Code/isoforks2/APCisos/ch.1_85.APC.gff,2,(277, 325),0.9967469667663091,0.983842401773374,0.01290456499293513
/home/alrescha/Code/isoforks2/APCisos/ch.1_85.APC.gff,2,(40, 90),0.0032530332336908737,0.0,0.0032530332336908737
/home/alrescha/Code/isoforks2/APCisos/ch.1_88.APC.gff,1,(157, 212),1.0,0.9882862214676791,0.011713778532320918
/home/alrescha/Code/isoforks2/APCisos/ch.1_89.APC.gff,2,(293, 347),0.999935757420018,0.8080815834146007,0.19185417400541727
/home/alrescha/Code/isoforks2/APCisos/ch.1_89.APC.gff,2,(293, 360),6.424257998201208e-05,0.0026910010741140727,-0.0026267584941320607
/home/alrescha/Code/isoforks2/APCisos/ch.1_90.APC.gff,2,(366, 400),0.00038281785845309683,0.0,0.00038281785845309683
/home/alrescha/Code/isoforks2/APCisos/ch.1_90.APC.gff,2,(366, 414),0.9996171821415469,0.9712314353378606,0.02838574680368633
/home/alrescha/Code/isoforks2/APCisos/ch.1_91.APC.gff,1,(327, 374),1.0,0.8424204258321771,0.15757957416782287
/home/alrescha/Code/isoforks2/APCisos/ch.1_93.APC.gff,1,(201, 259),1.0,0.765598076896316,0.23440192310368402
/home/alrescha/Code/isoforks2/APCisos/ch.1_94.APC.gff,3,(214, 264),0.9897172236503856,0.29589159939201554,0.69382562425837
/home/alrescha/Code/isoforks2/APCisos/ch.1_94.APC.gff,3,(214, 270),0.010196123739926633,0.01066251632471862,-0.0004663925847919869
/home/alrescha/Code/isoforks2/APCisos/ch.1_94.APC.gff,3,(214, 280),8.665260968776177e-05,0.001941842417451477,-0.0018551898077637152
/home/alrescha/Code/isoforks2/APCisos/ch.1_95.APC.gff,3,(199, 305),0.0011646151108810636,0.00025165900895661464,0.000912956101924449
/home/alrescha/Code/isoforks2/APCisos/ch.1_95.APC.gff,3,(204, 249),0.014848842663733562,8.422745725644403e-05,0.014764615206477118
/home/alrescha/Code/isoforks2/APCisos/ch.1_95.APC.gff,3,(199, 249),0.9839865422253854,0.9841425466591697,-0.00015600443378427364
/home/alrescha/Code/isoforks2/APCisos/ch.1_96.APC.gff,1,(283, 327),1.0,0.9869709338025822,0.013029066197417838
/home/alrescha/Code/isoforks2/APCisos/ch.1_98.APC.gff,2,(195, 245),0.9990368549071865,0.9365067405748089,0.06253011433237765
/home/alrescha/Code/isoforks2/APCisos/ch.1_98.APC.gff,2,(199, 245),0.0009631450928134485,0.033077100324075896,-0.032113955231262446
/home/alrescha/Code/isoforks2/APCisos/ch.1_99.APC.gff,3,(467, 513),0.9740896826989542,0.9875833639558825,-0.013493681256928292
/home/alrescha/Code/isoforks2/APCisos/ch.1_99.APC.gff,3,(329, 358),0.02521907819921065,0.0,0.02521907819921065
/home/alrescha/Code/isoforks2/APCisos/ch.1_99.APC.gff,3,(33, 92),0.0006912391018351283,0.0,0.0006912391018351283
/home/alrescha/Code/isoforks2/APCisos/ch.2_101.APC.gff,3,(287, 339),0.5069090647593444,0.18676006936662704,0.32014899539271735
/home/alrescha/Code/isoforks2/APCisos/ch.2_101.APC.gff,3,(287, 348),5.255093291735121e-05,0.05200484347903664,-0.051952292546119286
/home/alrescha/Code/isoforks2/APCisos/ch.2_101.APC.gff,3,(488, 595),0.4930383843077383,0.42215184502607783,0.07088653928166044
/home/alrescha/Code/isoforks2/APCisos/ch.2_109.APC.gff,2,(435, 482),0.4962173308227035,0.45194832150537306,0.04426900931733041
/home/alrescha/Code/isoforks2/APCisos/ch.2_109.APC.gff,2,(174, 224),0.5037826691772965,0.48290024768913015,0.02088242148816638
/home/alrescha/Code/isoforks2/APCisos/ch.2_115.APC.gff,2,(413, 496),0.5011029132121396,0.16657259817880374,0.33453031503333586
/home/alrescha/Code/isoforks2/APCisos/ch.2_115.APC.gff,2,(209, 302),0.4988970867878603,0.3647380050356551,0.1341590817522052
/home/alrescha/Code/isoforks2/APCisos/ch.2_121.APC.gff,2,(395, 463),0.534408891717874,0.10799291511714866,0.42641597660072533
/home/alrescha/Code/isoforks2/APCisos/ch.2_121.APC.gff,2,(227, 277),0.46559110828212597,0.7312130393440514,-0.2656219310619254
/home/alrescha/Code/isoforks2/APCisos/ch.2_13.APC.gff,2,(278, 323),0.5928880706419829,0.4954603784556117,0.0974276921863712
/home/alrescha/Code/isoforks2/APCisos/ch.2_13.APC.gff,2,(378, 439),0.4071119293580171,0.4892076257748885,-0.08209569641687142
/home/alrescha/Code/isoforks2/APCisos/ch.2_138.APC.gff,2,(579, 631),0.5277973665044334,0.4465588723442294,0.08123849416020401
/home/alrescha/Code/isoforks2/APCisos/ch.2_138.APC.gff,2,(278, 458),0.4722026334955665,0.2371444162630628,0.23505821723250372
/home/alrescha/Code/isoforks2/APCisos/ch.2_139.APC.gff,3,(481, 538),0.6038659920766162,0.49224135172280414,0.11162464035381203
/home/alrescha/Code/isoforks2/APCisos/ch.2_139.APC.gff,3,(269, 322),0.39512071549704103,0.41022505542814014,-0.015104339931099109
/home/alrescha/Code/isoforks2/APCisos/ch.2_139.APC.gff,3,(269, 309),0.0010132924263427884,0.0545164162684387,-0.053503123842095913
/home/alrescha/Code/isoforks2/APCisos/ch.2_140.APC.gff,3,(198, 368),5.980339037380707e-06,9.713503989302889e-06,-3.7331649519221823e-06
/home/alrescha/Code/isoforks2/APCisos/ch.2_140.APC.gff,3,(318, 368),0.5631733114213711,0.3245880041457751,0.23858530727559596
/home/alrescha/Code/isoforks2/APCisos/ch.2_140.APC.gff,3,(462, 508),0.4368207082395915,0.3325228495620734,0.10429785867751812
/home/alrescha/Code/isoforks2/APCisos/ch.2_150.APC.gff,2,(338, 416),0.6398653702318624,0.41456149329668535,0.22530387693517706
/home/alrescha/Code/isoforks2/APCisos/ch.2_150.APC.gff,2,(141, 187),0.36013462976813765,0.42940087661539444,-0.0692662468472568
/home/alrescha/Code/isoforks2/APCisos/ch.2_158.APC.gff,2,(270, 315),0.5954258675078864,0.44118004402177075,0.15424582348611565
/home/alrescha/Code/isoforks2/APCisos/ch.2_158.APC.gff,2,(424, 467),0.40457413249211355,0.3348551681305733,0.06971896436154024
/home/alrescha/Code/isoforks2/APCisos/ch.2_17.APC.gff,2,(137, 340),0.28692115143929914,0.3571006878000895,-0.07017953636079038
/home/alrescha/Code/isoforks2/APCisos/ch.2_17.APC.gff,2,(444, 487),0.7130788485607009,0.35433326697905443,0.3587455815816465
/home/alrescha/Code/isoforks2/APCisos/ch.2_18.APC.gff,3,(391, 445),0.00026739397828760895,2.7532713869252117e-06,0.00026464070690068373
/home/alrescha/Code/isoforks2/APCisos/ch.2_18.APC.gff,3,(391, 442),0.44601315578373174,0.4911848083117783,-0.04517165252804656
/home/alrescha/Code/isoforks2/APCisos/ch.2_18.APC.gff,3,(180, 258),0.5537194502379806,0.3938453025908107,0.15987414764716995
/home/alrescha/Code/isoforks2/APCisos/ch.2_181.APC.gff,3,(369, 416),0.4819522381513142,0.3781070655748251,0.10384517257648912
/home/alrescha/Code/isoforks2/APCisos/ch.2_181.APC.gff,3,(199, 245),0.0008104925410848204,0.0027118923118418015,-0.001901399770756981
/home/alrescha/Code/isoforks2/APCisos/ch.2_181.APC.gff,3,(199, 238),0.5172372693076009,0.4755919064990707,0.04164536280853026
/home/alrescha/Code/isoforks2/APCisos/ch.2_198.APC.gff,3,(268, 324),0.5161362223291062,0.4292612352368529,0.08687498709225328
/home/alrescha/Code/isoforks2/APCisos/ch.2_198.APC.gff,3,(477, 521),0.4836291543000598,0.4236399067867613,0.05998924751329854
/home/alrescha/Code/isoforks2/APCisos/ch.2_198.APC.gff,3,(477, 530),0.00023462337083396878,0.001010105868129141,-0.0007754824972951721
/home/alrescha/Code/isoforks2/APCisos/ch.2_205.APC.gff,3,(157, 203),0.5618183343587448,0.5292667269753694,0.03255160738337548
/home/alrescha/Code/isoforks2/APCisos/ch.2_205.APC.gff,3,(401, 430),0.00011186307959058112,0.0,0.00011186307959058112
/home/alrescha/Code/isoforks2/APCisos/ch.2_205.APC.gff,3,(558, 605),0.4380698025616645,0.4342025381078369,0.0038672644538276235
/home/alrescha/Code/isoforks2/APCisos/ch.2_208.APC.gff,3,(165, 210),0.35858307849133536,0.3389036535856468,0.01967942490568858
/home/alrescha/Code/isoforks2/APCisos/ch.2_208.APC.gff,3,(165, 218),0.0001325178389398573,0.0017773893734788558,-0.0016448715345389986
/home/alrescha/Code/isoforks2/APCisos/ch.2_208.APC.gff,3,(334, 380),0.6412844036697247,0.5315089197712228,0.10977548389850189
/home/alrescha/Code/isoforks2/APCisos/ch.2_21.APC.gff,3,(460, 506),0.4584112335415092,0.4927930367577441,-0.03438180321623491
/home/alrescha/Code/isoforks2/APCisos/ch.2_21.APC.gff,3,(211, 255),0.0001591153188273201,0.0076988174654467195,-0.0075397021466193995
/home/alrescha/Code/isoforks2/APCisos/ch.2_21.APC.gff,3,(207, 255),0.5414296511396635,0.44781146944540046,0.093618181694263
/home/alrescha/Code/isoforks2/APCisos/ch.2_210.APC.gff,3,(579, 623),0.5316443685359142,0.44832633665118066,0.08331803188473358
/home/alrescha/Code/isoforks2/APCisos/ch.2_210.APC.gff,3,(577, 623),0.000189771325552709,0.0089692220471164,-0.00877945072156369
/home/alrescha/Code/isoforks2/APCisos/ch.2_210.APC.gff,3,(388, 444),0.46816586013853306,0.2385251149136797,0.22964074522485337
/home/alrescha/Code/isoforks2/APCisos/ch.2_218.APC.gff,2,(415, 517),0.5755448534813484,0.2991987119983935,0.27634614148295494
/home/alrescha/Code/isoforks2/APCisos/ch.2_218.APC.gff,2,(201, 312),0.4244551465186515,0.3326371143292001,0.09181803218945139
/home/alrescha/Code/isoforks2/APCisos/ch.2_219.APC.gff,2,(193, 400),0.018933523713338788,0.0018635752583402207,0.017069948454998568
/home/alrescha/Code/isoforks2/APCisos/ch.2_219.APC.gff,2,(571, 645),0.9810664762866612,0.36387086406813485,0.6171956122185264
/home/alrescha/Code/isoforks2/APCisos/ch.2_224.APC.gff,3,(196, 240),0.17337846238861643,0.13260681530940774,0.04077164707920869
/home/alrescha/Code/isoforks2/APCisos/ch.2_224.APC.gff,3,(196, 430),0.002417627961594253,0.0,0.002417627961594253
/home/alrescha/Code/isoforks2/APCisos/ch.2_224.APC.gff,3,(383, 430),0.8242039096497893,0.4662618240642222,0.3579420855855671
/home/alrescha/Code/isoforks2/APCisos/ch.2_252.APC.gff,3,(320, 517),5.711061217461868e-05,0.0,5.711061217461868e-05
/home/alrescha/Code/isoforks2/APCisos/ch.2_252.APC.gff,3,(343, 517),0.3946957027247729,0.0,0.3946957027247729
/home/alrescha/Code/isoforks2/APCisos/ch.2_252.APC.gff,3,(638, 687),0.6052471866630525,0.13027289660771307,0.4749742900553395
/home/alrescha/Code/isoforks2/APCisos/ch.2_254.APC.gff,2,(581, 625),0.5632779300460158,0.03418821427966639,0.5290897157663494
/home/alrescha/Code/isoforks2/APCisos/ch.2_254.APC.gff,2,(487, 535),0.43672206995398427,0.4361515142544722,0.0005705556995120875
/home/alrescha/Code/isoforks2/APCisos/ch.2_256.APC.gff,3,(757, 802),0.5172862393079,0.06606741568577766,0.4512188236221223
/home/alrescha/Code/isoforks2/APCisos/ch.2_256.APC.gff,3,(352, 570),0.48261619019741764,0.0,0.48261619019741764
/home/alrescha/Code/isoforks2/APCisos/ch.2_256.APC.gff,3,(352, 551),9.757049468240804e-05,0.0,9.757049468240804e-05
/home/alrescha/Code/isoforks2/APCisos/ch.2_269.APC.gff,3,(196, 247),0.5192148266801557,0.49405636767125194,0.02515845900890379
/home/alrescha/Code/isoforks2/APCisos/ch.2_269.APC.gff,3,(572, 617),0.48074302013517123,0.47103207558260635,0.009710944552564882
/home/alrescha/Code/isoforks2/APCisos/ch.2_269.APC.gff,3,(572, 628),4.2153184673102054e-05,5.4620158479225696e-05,-1.2466973806123642e-05
/home/alrescha/Code/isoforks2/APCisos/ch.2_29.APC.gff,3,(495, 546),0.49516836863870367,0.4879664031651286,0.007201965473575045
/home/alrescha/Code/isoforks2/APCisos/ch.2_29.APC.gff,3,(495, 529),2.109882690522407e-05,0.0,2.109882690522407e-05
/home/alrescha/Code/isoforks2/APCisos/ch.2_29.APC.gff,3,(248, 371),0.5048105325343911,0.4819594180311485,0.02285111450324262
/home/alrescha/Code/isoforks2/APCisos/ch.2_297.APC.gff,3,(66, 119),0.03924566768603466,0.0,0.03924566768603466
/home/alrescha/Code/isoforks2/APCisos/ch.2_297.APC.gff,3,(245, 415),0.4334862385321101,0.43488538121774456,-0.001399142685634458
/home/alrescha/Code/isoforks2/APCisos/ch.2_297.APC.gff,3,(626, 672),0.5272680937818552,0.4064087846311915,0.12085930915066373
/home/alrescha/Code/isoforks2/APCisos/ch.2_299.APC.gff,2,(421, 548),0.49364540507344035,0.1586439567395432,0.3350014483338971
/home/alrescha/Code/isoforks2/APCisos/ch.2_299.APC.gff,2,(216, 316),0.5063545949265597,0.4311758169759115,0.07517877795064815
/home/alrescha/Code/isoforks2/APCisos/ch.2_30.APC.gff,3,(211, 278),0.4464875204393299,0.42052989148283215,0.025957628956497725
/home/alrescha/Code/isoforks2/APCisos/ch.2_30.APC.gff,3,(395, 445),0.5532348131922377,0.4363132729537131,0.11692154023852458
/home/alrescha/Code/isoforks2/APCisos/ch.2_30.APC.gff,3,(399, 445),0.0002776663684324191,0.018682898140538588,-0.018405231772106168
/home/alrescha/Code/isoforks2/APCisos/ch.2_305.APC.gff,3,(705, 749),0.5099527895047438,0.10206509475874062,0.40788769474600317
/home/alrescha/Code/isoforks2/APCisos/ch.2_305.APC.gff,3,(231, 601),0.0003858550093059149,0.23346725745950597,-0.23308140245020006
/home/alrescha/Code/isoforks2/APCisos/ch.2_305.APC.gff,3,(213, 601),0.48966135548595036,0.09961059376308812,0.39005076172286224
/home/alrescha/Code/isoforks2/APCisos/ch.2_33.APC.gff,3,(226, 279),0.5464882619784263,0.4700728354519159,0.07641542652651034
/home/alrescha/Code/isoforks2/APCisos/ch.2_33.APC.gff,3,(226, 456),1.95982105527218e-05,0.0,1.95982105527218e-05
/home/alrescha/Code/isoforks2/APCisos/ch.2_33.APC.gff,3,(406, 456),0.453492139811021,0.48904774039268434,-0.03555560058166335
/home/alrescha/Code/isoforks2/APCisos/ch.2_336.APC.gff,2,(256, 486),0.4428905668403701,0.0,0.4428905668403701
/home/alrescha/Code/isoforks2/APCisos/ch.2_336.APC.gff,2,(639, 682),0.5571094331596299,0.47935291433511845,0.07775651882451146
/home/alrescha/Code/isoforks2/APCisos/ch.2_47.APC.gff,3,(367, 411),0.06714254595418824,0.08692081997569076,-0.01977827402150252
/home/alrescha/Code/isoforks2/APCisos/ch.2_47.APC.gff,3,(367, 408),0.4908091623519161,0.12334161021818986,0.3674675521337262
/home/alrescha/Code/isoforks2/APCisos/ch.2_47.APC.gff,3,(182, 247),0.4420482916938957,0.0315768023626346,0.4104714893312611
/home/alrescha/Code/isoforks2/APCisos/ch.2_48.APC.gff,2,(371, 421),0.08274780392631083,0.06158040294801921,0.021167400978291617
/home/alrescha/Code/isoforks2/APCisos/ch.2_48.APC.gff,2,(215, 265),0.9172521960736891,0.3967182407763733,0.5205339552973158
/home/alrescha/Code/isoforks2/APCisos/ch.2_53.APC.gff,2,(178, 224),0.419513205592957,0.41018685159378887,0.009326353999168147
/home/alrescha/Code/isoforks2/APCisos/ch.2_53.APC.gff,2,(396, 441),0.580486794407043,0.43907847179156334,0.14140832261547964
/home/alrescha/Code/isoforks2/APCisos/ch.2_62.APC.gff,3,(342, 391),0.9706283524904215,0.04784951350097498,0.9227788389894465
/home/alrescha/Code/isoforks2/APCisos/ch.2_62.APC.gff,3,(199, 241),0.00020689655172413793,0.09325513361402137,-0.09304823706229723
/home/alrescha/Code/isoforks2/APCisos/ch.2_62.APC.gff,3,(193, 241),0.029164750957854407,0.26317862365555544,-0.23401387269770105
/home/alrescha/Code/isoforks2/APCisos/ch.2_92.APC.gff,2,(476, 522),0.4233968664189953,0.31115231210550526,0.11224455431349006
/home/alrescha/Code/isoforks2/APCisos/ch.2_92.APC.gff,2,(257, 317),0.5766031335810047,0.3873010581970948,0.18930207538390986
/home/alrescha/Code/isoforks2/APCisos/ch.3_18.APC.gff,3,(264, 312),0.23358067571834543,0.2974534993916725,-0.06387282367332706
/home/alrescha/Code/isoforks2/APCisos/ch.3_18.APC.gff,3,(419, 461),0.31086201452478684,0.32681013467444503,-0.015948120149658185
/home/alrescha/Code/isoforks2/APCisos/ch.3_18.APC.gff,3,(572, 619),0.4555573097568677,0.3186356255210612,0.13692168423580647
/home/alrescha/Code/isoforks2/APCisos/ch.3_26.APC.gff,3,(163, 209),0.2623570612066841,0.23239955636180817,0.029957504844875943
/home/alrescha/Code/isoforks2/APCisos/ch.3_26.APC.gff,3,(295, 340),0.3617063387876609,0.1706856020468404,0.19102073674082048
/home/alrescha/Code/isoforks2/APCisos/ch.3_26.APC.gff,3,(406, 451),0.37593660000565493,0.2681523693325195,0.10778423067313542
/home/alrescha/Code/isoforks2/APCisos/ch.3_72.APC.gff,3,(188, 232),0.27786103091874736,0.27103495085951346,0.006826080059233908
/home/alrescha/Code/isoforks2/APCisos/ch.3_72.APC.gff,3,(299, 358),0.34979174471648633,0.21083222157423712,0.1389595231422492
/home/alrescha/Code/isoforks2/APCisos/ch.3_72.APC.gff,3,(459, 617),0.3723472243647663,0.04056788327054728,0.331779341094219
365 skipped genes with insufficient sample sizes.
