ce.1.0.APC.base.gff,-0.0027781367337488465,0.9978734352434732,T-TEST
ce.1.1.APC.base.gff,nan,nan,T-TEST
ce.1.10.APC.base.gff,0.2857142857142857,0.9627039627039629,KS-TEST
ce.1.100.APC.base.gff,-0.05290899420012372,0.9626138466074763,T-TEST
ce.1.101.APC.base.gff,nan,nan,T-TEST
ce.1.102.APC.base.gff,-0.047331193952566554,0.9665505202830833,T-TEST
ce.1.103.APC.base.gff,-0.010983331106790714,0.991592835674743,T-TEST
ce.1.104.APC.base.gff,-0.33573693688405715,0.7690179534819466,T-TEST
ce.1.105.APC.base.gff,-0.4223987313657432,0.7138117962898817,T-TEST
ce.1.106.APC.base.gff,nan,nan,T-TEST
ce.1.107.APC.base.gff,nan,nan,T-TEST
ce.1.108.APC.base.gff,-0.3787578519502138,0.7127850879763022,T-TEST
ce.1.109.APC.base.gff,nan,nan,T-TEST
ce.1.11.APC.base.gff,-0.4444353679418887,0.6723095099166415,T-TEST
ce.1.110.APC.base.gff,-0.22726041087741505,0.8313641337400982,T-TEST
ce.1.111.APC.base.gff,-0.4868138276143836,0.6394472267515848,T-TEST
ce.1.112.APC.base.gff,-0.3398076706291162,0.7510948267571324,T-TEST
ce.1.113.APC.base.gff,-0.009397935017198248,0.9927317758227859,T-TEST
ce.1.114.APC.base.gff,-0.009555982071183904,0.9928331497904751,T-TEST
ce.1.115.APC.base.gff,nan,nan,T-TEST
ce.1.116.APC.base.gff,nan,nan,T-TEST
ce.1.117.APC.base.gff,-0.3966078020518092,0.7299736113027777,T-TEST
ce.1.118.APC.base.gff,-0.9999795001198123,0.373909767502391,T-TEST
ce.1.119.APC.base.gff,-0.32594510067173255,0.7608051553145843,T-TEST
ce.1.12.APC.base.gff,-0.19637460311865743,0.8624618263201969,T-TEST
ce.1.120.APC.base.gff,-0.008990761170358219,0.993046668302314,T-TEST
ce.1.121.APC.base.gff,0.9090909090909091,1.2676903834766066e-14,KS-TEST
ce.1.122.APC.base.gff,nan,nan,T-TEST
ce.1.123.APC.base.gff,-0.44916820799425666,0.6765718810741964,T-TEST
ce.1.124.APC.base.gff,-0.5134297777839746,0.6260023439532312,T-TEST
ce.1.125.APC.base.gff,-0.4691745037870904,0.6555084904163991,T-TEST
ce.1.126.APC.base.gff,-0.2516733060896951,0.8247928549221807,T-TEST
ce.1.127.APC.base.gff,-0.4805060453373661,0.6559657574199556,T-TEST
ce.1.128.APC.base.gff,-0.4990569996676345,0.635505894907765,T-TEST
ce.1.129.APC.base.gff,0.375,0.6601398601398599,KS-TEST
ce.1.13.APC.base.gff,nan,nan,T-TEST
ce.1.130.APC.base.gff,-0.441672077001042,0.7018908277980762,T-TEST
ce.1.131.APC.base.gff,-0.457624250372058,0.6921282116176315,T-TEST
ce.1.132.APC.base.gff,-0.027701028192860525,0.9792275494833402,T-TEST
ce.1.133.APC.base.gff,nan,nan,T-TEST
ce.1.134.APC.base.gff,-0.6476045111916356,0.5836517142305336,T-TEST
ce.1.135.APC.base.gff,nan,nan,T-TEST
ce.1.136.APC.base.gff,nan,nan,T-TEST
ce.1.137.APC.base.gff,-0.015850587171226702,0.9878675143553962,T-TEST
ce.1.138.APC.base.gff,-0.5453624246528096,0.5974574230893979,T-TEST
ce.1.139.APC.base.gff,-0.009171405841213533,0.992979719653662,T-TEST
ce.1.14.APC.base.gff,nan,nan,T-TEST
ce.1.140.APC.base.gff,-0.5594197680053975,0.6321636523068509,T-TEST
ce.1.141.APC.base.gff,-0.0008172238130145333,0.9993744434101297,T-TEST
ce.1.142.APC.base.gff,nan,nan,T-TEST
ce.1.143.APC.base.gff,-0.22590361567828618,0.8422617868145265,T-TEST
ce.1.144.APC.base.gff,-0.2720516878981584,0.7990474119340567,T-TEST
ce.1.145.APC.base.gff,nan,nan,T-TEST
ce.1.146.APC.base.gff,-0.20890274456144284,0.8538691499462894,T-TEST
ce.1.147.APC.base.gff,-0.0341375715640475,0.9744030355246174,T-TEST
ce.1.148.APC.base.gff,0.7647058823529411,3.9746208766961545e-05,KS-TEST
ce.1.149.APC.base.gff,-0.3446434392965506,0.7632297267269443,T-TEST
ce.1.15.APC.base.gff,-0.000637845024374827,0.9995036183437138,T-TEST
ce.1.150.APC.base.gff,-0.1211418344409704,0.9059783131067656,T-TEST
ce.1.151.APC.base.gff,-0.5686821639684786,0.626915101261774,T-TEST
ce.1.152.APC.base.gff,-0.4543485824660222,0.6655515062169852,T-TEST
ce.1.153.APC.base.gff,-0.44143936288221297,0.7020339507921849,T-TEST
ce.1.154.APC.base.gff,-0.5733364303605729,0.624291172382113,T-TEST
ce.1.155.APC.base.gff,nan,nan,T-TEST
ce.1.156.APC.base.gff,-0.3553731177996166,0.7344693818006136,T-TEST
ce.1.157.APC.base.gff,-0.5434771827500754,0.6412803177110588,T-TEST
ce.1.158.APC.base.gff,-0.3370881450310484,0.7681382232551606,T-TEST
ce.1.159.APC.base.gff,nan,nan,T-TEST
ce.1.16.APC.base.gff,nan,nan,T-TEST
ce.1.160.APC.base.gff,-0.45466179978297533,0.6939339830817288,T-TEST
ce.1.161.APC.base.gff,-0.5665149037891346,0.601318829362788,T-TEST
ce.1.162.APC.base.gff,-0.4160402421590238,0.7177743152024222,T-TEST
ce.1.163.APC.base.gff,-0.36613401329304196,0.7328080047083233,T-TEST
ce.1.164.APC.base.gff,-0.5992203566845775,0.6098634835384391,T-TEST
ce.1.165.APC.base.gff,-0.633211204653225,0.5609915711780123,T-TEST
ce.1.166.APC.base.gff,-0.08227314622064762,0.9383820010472255,T-TEST
ce.1.167.APC.base.gff,-0.4424034020464885,0.7014411818048736,T-TEST
ce.1.168.APC.base.gff,-0.4541492950218017,0.6942467181651011,T-TEST
ce.1.169.APC.base.gff,-0.4503226360469349,0.6758065171843765,T-TEST
ce.1.17.APC.base.gff,nan,nan,T-TEST
ce.1.170.APC.base.gff,-0.8125118790280742,0.46208707466741894,T-TEST
ce.1.171.APC.base.gff,-0.42988170904448164,0.6894277036729715,T-TEST
ce.1.172.APC.base.gff,nan,nan,T-TEST
ce.1.173.APC.base.gff,-0.37563933668582067,0.7169498353991601,T-TEST
ce.1.174.APC.base.gff,nan,nan,T-TEST
ce.1.175.APC.base.gff,nan,nan,T-TEST
ce.1.176.APC.base.gff,nan,nan,T-TEST
ce.1.177.APC.base.gff,-0.44779951550406993,0.6661756721148818,T-TEST
ce.1.178.APC.base.gff,-0.07563083805661555,0.9433443654591531,T-TEST
ce.1.179.APC.base.gff,-0.4443536678220855,0.6797689140182162,T-TEST
ce.1.18.APC.base.gff,nan,nan,T-TEST
ce.1.180.APC.base.gff,-0.4630728208654797,0.688815696728815,T-TEST
ce.1.181.APC.base.gff,-0.03931375768819767,0.9722117104685495,T-TEST
ce.1.182.APC.base.gff,-0.4555126936245532,0.6934149786680306,T-TEST
ce.1.183.APC.base.gff,-0.9989089965287429,0.37436961696921717,T-TEST
ce.1.184.APC.base.gff,-0.5064823278868341,0.6628336033376676,T-TEST
ce.1.185.APC.base.gff,nan,nan,T-TEST
ce.1.186.APC.base.gff,-0.5908255541766158,0.586405841784926,T-TEST
ce.1.187.APC.base.gff,0.5555555555555556,0.12587412587412586,KS-TEST
ce.1.188.APC.base.gff,nan,nan,T-TEST
ce.1.189.APC.base.gff,nan,nan,T-TEST
ce.1.19.APC.base.gff,0.45454545454545453,0.21147608841107293,KS-TEST
ce.1.190.APC.base.gff,nan,nan,T-TEST
ce.1.191.APC.base.gff,0.5714285714285714,0.21212121212121213,KS-TEST
ce.1.192.APC.base.gff,0.9166666666666666,1.77504552252163e-05,KS-TEST
ce.1.193.APC.base.gff,nan,nan,T-TEST
ce.1.194.APC.base.gff,0.25,0.98010878010878,KS-TEST
ce.1.195.APC.base.gff,-0.5237853760053722,0.6281079492485886,T-TEST
ce.1.196.APC.base.gff,-0.4492793822402617,0.6764981540897466,T-TEST
ce.1.197.APC.base.gff,-0.6909680340538654,0.5275923279654187,T-TEST
ce.1.198.APC.base.gff,-0.48435990919473626,0.6759829583435117,T-TEST
ce.1.199.APC.base.gff,-0.5703615623087087,0.5989430779675448,T-TEST
ce.1.2.APC.base.gff,nan,nan,T-TEST
ce.1.20.APC.base.gff,nan,nan,T-TEST
ce.1.200.APC.base.gff,-0.4522314752597004,0.6669919157097591,T-TEST
ce.1.201.APC.base.gff,-0.7499303728228144,0.4949970166622677,T-TEST
ce.1.202.APC.base.gff,-0.6213553354723819,0.5516557314010151,T-TEST
ce.1.203.APC.base.gff,nan,nan,T-TEST
ce.1.204.APC.base.gff,0.6,0.05244755244755244,KS-TEST
ce.1.205.APC.base.gff,-0.6331988373167379,0.591351992441173,T-TEST
ce.1.206.APC.base.gff,-0.45611585427323165,0.6580518964211086,T-TEST
ce.1.207.APC.base.gff,-0.14600935188131448,0.8909766444641091,T-TEST
ce.1.208.APC.base.gff,-0.2763659912057975,0.7915400244411289,T-TEST
ce.1.209.APC.base.gff,nan,nan,T-TEST
ce.1.21.APC.base.gff,-0.0019655567031900585,0.998610142868765,T-TEST
ce.1.210.APC.base.gff,nan,nan,T-TEST
ce.1.211.APC.base.gff,nan,nan,T-TEST
ce.1.212.APC.base.gff,-0.2090502004113582,0.8537682071164752,T-TEST
ce.1.213.APC.base.gff,nan,nan,T-TEST
ce.1.214.APC.base.gff,0.6153846153846154,0.012649270234409551,KS-TEST
ce.1.215.APC.base.gff,-0.3883681378180557,0.7111498324275909,T-TEST
ce.1.216.APC.base.gff,-0.7298170209435136,0.5414065293039362,T-TEST
ce.1.217.APC.base.gff,-0.19315650462678965,0.8532090476019496,T-TEST
ce.1.218.APC.base.gff,-0.26664696851683156,0.798668312458898,T-TEST
ce.1.219.APC.base.gff,-0.7795354316774508,0.4792110768715188,T-TEST
ce.1.22.APC.base.gff,nan,nan,T-TEST
ce.1.220.APC.base.gff,nan,nan,T-TEST
ce.1.221.APC.base.gff,-0.24933627685948517,0.8153809271600435,T-TEST
ce.1.222.APC.base.gff,-0.5007890008966397,0.6661992335758753,T-TEST
ce.1.223.APC.base.gff,-0.2870652329415439,0.7837183005566408,T-TEST
ce.1.224.APC.base.gff,-0.9894760560935156,0.34576729479582147,T-TEST
ce.1.225.APC.base.gff,-0.5157191874067988,0.6332456989414377,T-TEST
ce.1.226.APC.base.gff,-0.4540419847247056,0.694312212423782,T-TEST
ce.1.227.APC.base.gff,nan,nan,T-TEST
ce.1.228.APC.base.gff,-0.9895829984443242,0.37839657190115816,T-TEST
ce.1.229.APC.base.gff,nan,nan,T-TEST
ce.1.23.APC.base.gff,nan,nan,T-TEST
ce.1.230.APC.base.gff,-0.08208275575299691,0.9372506686804747,T-TEST
ce.1.231.APC.base.gff,nan,nan,T-TEST
ce.1.232.APC.base.gff,nan,nan,T-TEST
ce.1.233.APC.base.gff,-0.4374473596467914,0.677093642096588,T-TEST
ce.1.234.APC.base.gff,0.7142857142857143,0.05303030303030303,KS-TEST
ce.1.235.APC.base.gff,-0.5798127973932973,0.5831415588901007,T-TEST
ce.1.236.APC.base.gff,nan,nan,T-TEST
ce.1.237.APC.base.gff,-0.793690116324334,0.5105844977084852,T-TEST
ce.1.238.APC.base.gff,-0.024297916047366523,0.9812101192832055,T-TEST
ce.1.239.APC.base.gff,-0.9859667025434412,0.37996816460851934,T-TEST
ce.1.24.APC.base.gff,nan,nan,T-TEST
ce.1.240.APC.base.gff,nan,nan,T-TEST
ce.1.241.APC.base.gff,nan,nan,T-TEST
ce.1.242.APC.base.gff,-0.5842368986043497,0.5904236109547873,T-TEST
ce.1.243.APC.base.gff,-0.3776199526082641,0.7187102378241914,T-TEST
ce.1.244.APC.base.gff,-0.4908163270107693,0.6721254570646147,T-TEST
ce.1.245.APC.base.gff,-0.21090699830213702,0.8524975036779834,T-TEST
ce.1.246.APC.base.gff,-0.16023330189913418,0.8804635246257126,T-TEST
ce.1.247.APC.base.gff,nan,nan,T-TEST
ce.1.248.APC.base.gff,-0.9829129970499882,0.3488328485392582,T-TEST
ce.1.249.APC.base.gff,-0.657437601017537,0.5468070639000133,T-TEST
ce.1.25.APC.base.gff,-0.007255949455887245,0.9944458775569598,T-TEST
ce.1.250.APC.base.gff,nan,nan,T-TEST
ce.1.251.APC.base.gff,-0.2787991690201611,0.7860794265350786,T-TEST
ce.1.252.APC.base.gff,-0.6890641056663331,0.5286702987776449,T-TEST
ce.1.253.APC.base.gff,nan,nan,T-TEST
ce.1.254.APC.base.gff,nan,nan,T-TEST
ce.1.255.APC.base.gff,-1.0181878597487737,0.34787440587996715,T-TEST
ce.1.256.APC.base.gff,-0.5991785869023513,0.57096917299709,T-TEST
ce.1.257.APC.base.gff,-0.7819760718913898,0.4779270866637169,T-TEST
ce.1.258.APC.base.gff,-0.5002894014847709,0.6346879826287909,T-TEST
ce.1.259.APC.base.gff,-0.2212347186458326,0.8357444247042528,T-TEST
ce.1.26.APC.base.gff,nan,nan,T-TEST
ce.1.260.APC.base.gff,nan,nan,T-TEST
ce.1.261.APC.base.gff,nan,nan,T-TEST
ce.1.262.APC.base.gff,-0.4967217125248702,0.637057308176652,T-TEST
ce.1.263.APC.base.gff,-0.42244283111061987,0.7137843648962077,T-TEST
ce.1.264.APC.base.gff,nan,nan,T-TEST
ce.1.265.APC.base.gff,-0.566559677652232,0.6281146758360225,T-TEST
ce.1.266.APC.base.gff,nan,nan,T-TEST
ce.1.267.APC.base.gff,nan,nan,T-TEST
ce.1.268.APC.base.gff,-0.5996185061556562,0.609643747962068,T-TEST
ce.1.269.APC.base.gff,nan,nan,T-TEST
ce.1.27.APC.base.gff,-0.001917324345971821,0.9986442481992095,T-TEST
ce.1.270.APC.base.gff,-0.5145946397899188,0.6252355163134247,T-TEST
ce.1.271.APC.base.gff,0.42857142857142855,0.5751748251748252,KS-TEST
ce.1.272.APC.base.gff,-0.3044396175008357,0.7759744529015096,T-TEST
ce.1.273.APC.base.gff,-0.48572004944592506,0.6525721668239217,T-TEST
ce.1.274.APC.base.gff,-0.6800553376620345,0.566630527381793,T-TEST
ce.1.275.APC.base.gff,0.42857142857142855,0.5751748251748252,KS-TEST
ce.1.276.APC.base.gff,nan,nan,T-TEST
ce.1.277.APC.base.gff,-0.9061985519124863,0.46048099415952337,T-TEST
ce.1.278.APC.base.gff,-0.8134780443032796,0.5013882740277962,T-TEST
ce.1.279.APC.base.gff,-0.6480463598649788,0.5351076327788153,T-TEST
ce.1.28.APC.base.gff,-0.004071177550202242,0.9968836639026661,T-TEST
ce.1.280.APC.base.gff,-0.48559632855800766,0.6526525748279415,T-TEST
ce.1.281.APC.base.gff,-0.6350669869317569,0.5598961516214087,T-TEST
ce.1.282.APC.base.gff,-1.0022035345325777,0.34559152974391316,T-TEST
ce.1.283.APC.base.gff,-0.46097024951381416,0.6687697646790606,T-TEST
ce.1.284.APC.base.gff,-0.3138044808737646,0.7616959914246344,T-TEST
ce.1.285.APC.base.gff,-0.9790300222421603,0.4308060978416315,T-TEST
ce.1.286.APC.base.gff,-0.46598431353978775,0.6536510370178976,T-TEST
ce.1.287.APC.base.gff,-0.488674626529137,0.6734032488500027,T-TEST
ce.1.288.APC.base.gff,-0.657729961967546,0.5466374235282414,T-TEST
ce.1.289.APC.base.gff,-0.75088468878457,0.4944820836517908,T-TEST
ce.1.29.APC.base.gff,-0.4615038682942448,0.6684181793054628,T-TEST
ce.1.290.APC.base.gff,0.7142857142857143,0.05303030303030303,KS-TEST
ce.1.291.APC.base.gff,-0.9998087005629762,0.34668059782074784,T-TEST
ce.1.292.APC.base.gff,-0.4068112850154343,0.7049735325423039,T-TEST
ce.1.293.APC.base.gff,-0.3987361537414163,0.7104568764262436,T-TEST
ce.1.294.APC.base.gff,-0.999565248835571,0.422817102989814,T-TEST
ce.1.295.APC.base.gff,-0.4486068067106307,0.6769442502472371,T-TEST
ce.1.296.APC.base.gff,-0.6220084672707152,0.5568180173086122,T-TEST
ce.1.297.APC.base.gff,-0.4968140229362588,0.6685566562008292,T-TEST
ce.1.298.APC.base.gff,-0.7124283684139993,0.5155515578327394,T-TEST
ce.1.299.APC.base.gff,-0.5506644490647606,0.6017483487831619,T-TEST
ce.1.3.APC.base.gff,nan,nan,T-TEST
ce.1.30.APC.base.gff,-0.33358449518227656,0.7704205124036485,T-TEST
ce.1.300.APC.base.gff,-0.7026174272434975,0.5086226804171632,T-TEST
ce.1.301.APC.base.gff,-0.13555929105229225,0.8955185824398884,T-TEST
ce.1.302.APC.base.gff,-0.12340945565040666,0.9130667055147184,T-TEST
ce.1.303.APC.base.gff,-0.6581396310041637,0.5780764171484573,T-TEST
ce.1.304.APC.base.gff,-0.6878209235623446,0.5293750201074907,T-TEST
ce.1.305.APC.base.gff,0.625,0.08702408702408701,KS-TEST
ce.1.306.APC.base.gff,-0.597071004786739,0.611050845298623,T-TEST
ce.1.307.APC.base.gff,0.75,0.0014969550573265746,KS-TEST
ce.1.308.APC.base.gff,nan,nan,T-TEST
ce.1.309.APC.base.gff,0.7727272727272727,1.0322784419606977e-06,KS-TEST
ce.1.31.APC.base.gff,-0.009433210747240635,0.9929252230956691,T-TEST
ce.1.310.APC.base.gff,0.5,0.16782134274394334,KS-TEST
ce.1.311.APC.base.gff,-0.6469982752163573,0.5839739829406543,T-TEST
ce.1.312.APC.base.gff,-0.5211137297897264,0.6298068565390416,T-TEST
ce.1.313.APC.base.gff,-0.4142811813737317,0.7188731023595434,T-TEST
ce.1.314.APC.base.gff,nan,nan,T-TEST
ce.1.315.APC.base.gff,-0.713600864299242,0.5148995258385133,T-TEST
ce.1.316.APC.base.gff,-0.6478074633574188,0.5410896298601615,T-TEST
ce.1.317.APC.base.gff,-0.4863462455693848,0.637203601393775,T-TEST
ce.1.318.APC.base.gff,-0.7678362929732229,0.48540268141201065,T-TEST
ce.1.319.APC.base.gff,-0.46414925116461286,0.6881626047357889,T-TEST
ce.1.32.APC.base.gff,-0.4954720025581058,0.6462522447087128,T-TEST
ce.1.320.APC.base.gff,-0.5220782200068614,0.620321357647059,T-TEST
ce.1.321.APC.base.gff,-0.6302323169966523,0.5929486595686457,T-TEST
ce.1.322.APC.base.gff,0.5714285714285714,0.21212121212121213,KS-TEST
ce.1.323.APC.base.gff,0.6153846153846154,0.012649270234409551,KS-TEST
ce.1.324.APC.base.gff,-0.9718656619777394,0.4336319155423122,T-TEST
ce.1.325.APC.base.gff,0.4444444444444444,0.35170711641299873,KS-TEST
ce.1.326.APC.base.gff,-0.9753042913542919,0.43227312187935196,T-TEST
ce.1.327.APC.base.gff,-0.6586430726583118,0.5286215518108515,T-TEST
ce.1.328.APC.base.gff,-0.49031822530821756,0.6724224767041862,T-TEST
ce.1.329.APC.base.gff,nan,nan,T-TEST
ce.1.33.APC.base.gff,-0.05320507487708711,0.9601197094718164,T-TEST
ce.1.330.APC.base.gff,-0.5976199108781941,0.6107474296464521,T-TEST
ce.1.331.APC.base.gff,-0.47369056261449294,0.6458926146801014,T-TEST
ce.1.332.APC.base.gff,-0.02748421982691254,0.9789648662687555,T-TEST
ce.1.333.APC.base.gff,-0.47762894104621684,0.6800217719320685,T-TEST
ce.1.334.APC.base.gff,-1.00163698338438,0.3731987434324968,T-TEST
ce.1.335.APC.base.gff,0.2727272727272727,0.832587690946824,KS-TEST
ce.1.336.APC.base.gff,0.3,0.7869297884777761,KS-TEST
ce.1.337.APC.base.gff,-0.6296526051482734,0.5464794082780616,T-TEST
ce.1.338.APC.base.gff,nan,nan,T-TEST
ce.1.339.APC.base.gff,-0.7374545667201649,0.4886707374625028,T-TEST
ce.1.34.APC.base.gff,nan,nan,T-TEST
ce.1.340.APC.base.gff,0.375,0.6601398601398599,KS-TEST
ce.1.341.APC.base.gff,-0.13360539550467945,0.8963651227395282,T-TEST
ce.1.342.APC.base.gff,0.625,0.08702408702408701,KS-TEST
ce.1.343.APC.base.gff,-0.9935368982600109,0.3766847122782803,T-TEST
ce.1.344.APC.base.gff,-0.5058196371755065,0.6310246761950502,T-TEST
ce.1.345.APC.base.gff,-0.9978446118286869,0.34757573002338843,T-TEST
ce.1.346.APC.base.gff,-0.7747524548927412,0.46076900514063046,T-TEST
ce.1.347.APC.base.gff,nan,nan,T-TEST
ce.1.348.APC.base.gff,-0.43338108642177453,0.6761863273778284,T-TEST
ce.1.349.APC.base.gff,-0.6949520454095409,0.5029127691178356,T-TEST
ce.1.35.APC.base.gff,nan,nan,T-TEST
ce.1.350.APC.base.gff,0.7692307692307693,8.210429192461913e-08,KS-TEST
ce.1.351.APC.base.gff,-1.0004102564102564,0.4224918554328251,T-TEST
ce.1.352.APC.base.gff,-0.997861733604677,0.3568729795281482,T-TEST
ce.1.353.APC.base.gff,-0.4379310783396048,0.6707442627815764,T-TEST
ce.1.354.APC.base.gff,-0.8829722513437077,0.4112286963438581,T-TEST
ce.1.355.APC.base.gff,0.5,0.05902987790590428,KS-TEST
ce.1.356.APC.base.gff,-0.3661610267077353,0.7218727149999488,T-TEST
ce.1.357.APC.base.gff,-0.11428292663164799,0.9194523395725578,T-TEST
ce.1.358.APC.base.gff,nan,nan,T-TEST
ce.1.359.APC.base.gff,-1.5679907976206173,0.25741787607091376,T-TEST
ce.1.36.APC.base.gff,nan,nan,T-TEST
ce.1.360.APC.base.gff,-0.600097563704893,0.6093794482443973,T-TEST
ce.1.361.APC.base.gff,-1.0345796387291315,0.33112374544414014,T-TEST
ce.1.362.APC.base.gff,-1.0007577562823393,0.34624869562349986,T-TEST
ce.1.363.APC.base.gff,-0.7073392237367849,0.5183886643398014,T-TEST
ce.1.364.APC.base.gff,-0.8505707961523158,0.4429269523343512,T-TEST
ce.1.365.APC.base.gff,0.625,0.00010401434205661125,KS-TEST
ce.1.366.APC.base.gff,-0.820511524264529,0.49815941838721667,T-TEST
ce.1.367.APC.base.gff,-1.0076839669579356,0.37061470809346087,T-TEST
ce.1.368.APC.base.gff,-0.6014326956731488,0.5799753234654688,T-TEST
ce.1.369.APC.base.gff,-0.7481565778182971,0.5323782333668741,T-TEST
ce.1.37.APC.base.gff,-0.414464415573475,0.7187585944887653,T-TEST
ce.1.370.APC.base.gff,nan,nan,T-TEST
ce.1.371.APC.base.gff,-0.46318202253942564,0.6531502328746126,T-TEST
ce.1.372.APC.base.gff,0.7647058823529411,3.9746208766961545e-05,KS-TEST
ce.1.373.APC.base.gff,0.42857142857142855,0.5751748251748252,KS-TEST
ce.1.374.APC.base.gff,-1.8438387258059488,0.20651913593024748,T-TEST
ce.1.375.APC.base.gff,-0.7340177981810078,0.5393258168433646,T-TEST
ce.1.376.APC.base.gff,-0.8854396208412344,0.42593932864443745,T-TEST
ce.1.377.APC.base.gff,nan,nan,T-TEST
ce.1.378.APC.base.gff,-0.4643352187135212,0.654782115643485,T-TEST
ce.1.379.APC.base.gff,-0.587094802831554,0.6165873673156949,T-TEST
ce.1.38.APC.base.gff,-0.4276792156935211,0.7105321880420561,T-TEST
ce.1.380.APC.base.gff,-0.6418137962327345,0.5447185218997525,T-TEST
ce.1.381.APC.base.gff,-0.5559238828910208,0.5904835410662266,T-TEST
ce.1.382.APC.base.gff,-0.5323258390452428,0.6136268879718463,T-TEST
ce.1.383.APC.base.gff,-0.49078960002147803,0.6410072782033902,T-TEST
ce.1.384.APC.base.gff,-0.5845186525047043,0.6180238341117927,T-TEST
ce.1.385.APC.base.gff,-0.7494697523709714,0.5317373056943513,T-TEST
ce.1.386.APC.base.gff,-0.9886110757230022,0.42705835491929023,T-TEST
ce.1.387.APC.base.gff,-0.9481363547406578,0.3967485040061821,T-TEST
ce.1.388.APC.base.gff,-0.580107012320258,0.5929511275731005,T-TEST
ce.1.389.APC.base.gff,-0.14761341390725083,0.8863004123420082,T-TEST
ce.1.39.APC.base.gff,nan,nan,T-TEST
ce.1.390.APC.base.gff,-0.7638019112500593,0.5247901091675465,T-TEST
ce.1.391.APC.base.gff,-0.3872000515138316,0.7087053178360954,T-TEST
ce.1.392.APC.base.gff,0.6470588235294118,0.001152640054241885,KS-TEST
ce.1.393.APC.base.gff,0.6875,0.0006700468135385351,KS-TEST
ce.1.394.APC.base.gff,-0.37882272895605473,0.7127384045721901,T-TEST
ce.1.395.APC.base.gff,-0.6104325971495063,0.6037010740365778,T-TEST
ce.1.396.APC.base.gff,0.5,0.2826728826728826,KS-TEST
ce.1.397.APC.base.gff,-0.6408287800086788,0.587262537611051,T-TEST
ce.1.398.APC.base.gff,-0.756146987491154,0.49164989442707197,T-TEST
ce.1.399.APC.base.gff,0.9772727272727273,6.705143681163871e-24,KS-TEST
ce.1.4.APC.base.gff,-0.04631376963675206,0.9652801861356279,T-TEST
ce.1.40.APC.base.gff,nan,nan,T-TEST
ce.1.400.APC.base.gff,-0.6179073472443986,0.570080684803347,T-TEST
ce.1.401.APC.base.gff,-0.5688898210539797,0.5900743915417468,T-TEST
ce.1.402.APC.base.gff,-0.975659865001776,0.38447837316420763,T-TEST
ce.1.403.APC.base.gff,0.7142857142857143,0.05303030303030303,KS-TEST
ce.1.404.APC.base.gff,-0.6678616075733784,0.5290595487572789,T-TEST
ce.1.405.APC.base.gff,0.8275862068965517,3.04790992561292e-10,KS-TEST
ce.1.406.APC.base.gff,-1.021088183852424,0.34660538039396593,T-TEST
ce.1.407.APC.base.gff,0.625,0.08702408702408701,KS-TEST
ce.1.408.APC.base.gff,-0.4686070242220927,0.655891468099507,T-TEST
ce.1.409.APC.base.gff,-0.6109870336934352,0.5742231606693988,T-TEST
ce.1.41.APC.base.gff,nan,nan,T-TEST
ce.1.410.APC.base.gff,-0.5642298682518159,0.6027329412424842,T-TEST
ce.1.411.APC.base.gff,-0.4807188051579589,0.6781655640661239,T-TEST
ce.1.412.APC.base.gff,0.625,0.08702408702408701,KS-TEST
ce.1.413.APC.base.gff,-0.6435251222896661,0.5549221133141662,T-TEST
ce.1.414.APC.base.gff,-0.4109751550812034,0.7209411849647194,T-TEST
ce.1.415.APC.base.gff,-1.0059656677462838,0.3713473892376739,T-TEST
ce.1.416.APC.base.gff,-0.638098393911118,0.5887231069435508,T-TEST
ce.1.417.APC.base.gff,-0.497881869027746,0.6679227410511808,T-TEST
ce.1.418.APC.base.gff,-0.998391035937326,0.3745922907093418,T-TEST
ce.1.419.APC.base.gff,-0.6827396827147488,0.5652427261047772,T-TEST
ce.1.42.APC.base.gff,-0.014300224390372273,0.9898887312774232,T-TEST
ce.1.420.APC.base.gff,0.5714285714285714,0.21212121212121213,KS-TEST
ce.1.421.APC.base.gff,-0.6985817663764629,0.5007363774892171,T-TEST
ce.1.422.APC.base.gff,-1.000207082774663,0.3407977341807997,T-TEST
ce.1.423.APC.base.gff,-0.9596050858690567,0.36535429652944634,T-TEST
ce.1.424.APC.base.gff,-0.6346144574707516,0.5601631328804482,T-TEST
ce.1.425.APC.base.gff,0.625,0.08702408702408701,KS-TEST
ce.1.426.APC.base.gff,-0.433055983660297,0.6801085539747681,T-TEST
ce.1.427.APC.base.gff,-1.0051062575194762,0.3536446550773275,T-TEST
ce.1.428.APC.base.gff,nan,nan,T-TEST
ce.1.429.APC.base.gff,-0.6321472049884658,0.5616202823948975,T-TEST
ce.1.43.APC.base.gff,-0.03762333518630464,0.9712085574290682,T-TEST
ce.1.430.APC.base.gff,-0.9998738583119638,0.4226982858310355,T-TEST
ce.1.431.APC.base.gff,-0.6672139450063556,0.5411543937665417,T-TEST
ce.1.432.APC.base.gff,0.6,0.05244755244755244,KS-TEST
ce.1.433.APC.base.gff,0.75,0.0014969550573265746,KS-TEST
ce.1.434.APC.base.gff,-0.5996350170883111,0.6096346371476051,T-TEST
ce.1.435.APC.base.gff,nan,nan,T-TEST
ce.1.436.APC.base.gff,0.25,0.98010878010878,KS-TEST
ce.1.437.APC.base.gff,0.42857142857142855,0.5751748251748252,KS-TEST
ce.1.438.APC.base.gff,-1.0013753407775683,0.34596786160473636,T-TEST
ce.1.439.APC.base.gff,-0.6061041659519019,0.5771581125352803,T-TEST
ce.1.44.APC.base.gff,nan,nan,T-TEST
ce.1.440.APC.base.gff,-0.6727791383033657,0.537955050560868,T-TEST
ce.1.441.APC.base.gff,-1.0397897144729529,0.4076366169717913,T-TEST
ce.1.442.APC.base.gff,-0.7095748221745253,0.4941802194907502,T-TEST
ce.1.443.APC.base.gff,-0.6497061239957383,0.5340885522899719,T-TEST
ce.1.444.APC.base.gff,-0.3944739172414619,0.7313213044756499,T-TEST
ce.1.445.APC.base.gff,-0.9992033599543044,0.4229564798641744,T-TEST
ce.1.446.APC.base.gff,-0.6791588406003063,0.5223589245434377,T-TEST
ce.1.447.APC.base.gff,-0.8525073253394473,0.4187218015247064,T-TEST
ce.1.448.APC.base.gff,-0.925967113171436,0.452216564835356,T-TEST
ce.1.449.APC.base.gff,nan,nan,T-TEST
ce.1.45.APC.base.gff,nan,nan,T-TEST
ce.1.450.APC.base.gff,-1.0967218949399824,0.29847033906644616,T-TEST
ce.1.451.APC.base.gff,-0.2273315787464574,0.8313124431143808,T-TEST
ce.1.452.APC.base.gff,0.5714285714285714,0.21212121212121213,KS-TEST
ce.1.453.APC.base.gff,-0.34615186600068293,0.7364010017698093,T-TEST
ce.1.454.APC.base.gff,nan,nan,T-TEST
ce.1.455.APC.base.gff,-0.563289852943119,0.5886729285665953,T-TEST
ce.1.456.APC.base.gff,-0.7072646023484008,0.5184303490410732,T-TEST
ce.1.457.APC.base.gff,0.75,0.018648018648018645,KS-TEST
ce.1.458.APC.base.gff,-0.9091218180279724,0.4592489204870731,T-TEST
ce.1.459.APC.base.gff,-0.6503371531456188,0.5301312661579005,T-TEST
ce.1.46.APC.base.gff,-0.48150414209809905,0.6776943698547696,T-TEST
ce.1.460.APC.base.gff,-0.47712248600533785,0.6581733713606304,T-TEST
ce.1.461.APC.base.gff,-0.6397776176555696,0.5459548135535234,T-TEST
ce.1.462.APC.base.gff,-0.6850925745441836,0.5309239984063021,T-TEST
ce.1.463.APC.base.gff,0.75,0.0014969550573265746,KS-TEST
ce.1.464.APC.base.gff,0.625,0.08702408702408701,KS-TEST
ce.1.465.APC.base.gff,0.7142857142857143,0.05303030303030303,KS-TEST
ce.1.466.APC.base.gff,nan,nan,T-TEST
ce.1.467.APC.base.gff,-0.6568002019500055,0.5356737124623971,T-TEST
ce.1.468.APC.base.gff,-0.17130757497078256,0.8797462891777438,T-TEST
ce.1.469.APC.base.gff,-0.9104611253649346,0.38918743706199344,T-TEST
ce.1.47.APC.base.gff,-0.011728614014253246,0.9912037915728136,T-TEST
ce.1.470.APC.base.gff,-0.8893076122415006,0.4676682625328136,T-TEST
ce.1.471.APC.base.gff,nan,nan,T-TEST
ce.1.472.APC.base.gff,-0.5008098830048059,0.6273434987079123,T-TEST
ce.1.473.APC.base.gff,-0.7250673635463148,0.508554838761811,T-TEST
ce.1.474.APC.base.gff,-0.5778296061106337,0.5843967165055919,T-TEST
ce.1.475.APC.base.gff,nan,nan,T-TEST
ce.1.476.APC.base.gff,-0.9983913204458394,0.42326941006932994,T-TEST
ce.1.477.APC.base.gff,-0.985170655090066,0.3625849304848869,T-TEST
ce.1.478.APC.base.gff,-0.3921239682380178,0.7085163435532782,T-TEST
ce.1.479.APC.base.gff,1.0,2.835142154027603e-06,KS-TEST
ce.1.48.APC.base.gff,-0.16290725813362966,0.8855639192948856,T-TEST
ce.1.480.APC.base.gff,-0.7631784680913837,0.46726317438879217,T-TEST
ce.1.481.APC.base.gff,0.7142857142857143,0.05303030303030303,KS-TEST
ce.1.482.APC.base.gff,-0.7472407555919371,0.4831630029901609,T-TEST
ce.1.483.APC.base.gff,-0.5588300310396171,0.6324990281242813,T-TEST
ce.1.484.APC.base.gff,-0.6003470795064504,0.6092418267106997,T-TEST
ce.1.485.APC.base.gff,-0.6344509574162392,0.5491972820752983,T-TEST
ce.1.486.APC.base.gff,-0.7061349716102061,0.5001482447218535,T-TEST
ce.1.487.APC.base.gff,nan,nan,T-TEST
ce.1.488.APC.base.gff,-0.5886067587414714,0.5877568664220014,T-TEST
ce.1.489.APC.base.gff,nan,nan,T-TEST
ce.1.49.APC.base.gff,-0.4433181006619936,0.7008790706149896,T-TEST
ce.1.490.APC.base.gff,-0.4463874781552939,0.6671529485510546,T-TEST
ce.1.491.APC.base.gff,-0.4752949301835184,0.6814263562157519,T-TEST
ce.1.492.APC.base.gff,-0.6605392503274188,0.5450092299369989,T-TEST
ce.1.493.APC.base.gff,-0.7270379301111279,0.48792948262103697,T-TEST
ce.1.494.APC.base.gff,-0.625502374169544,0.595502186380074,T-TEST
ce.1.495.APC.base.gff,-0.5596032621182412,0.6320593308324975,T-TEST
ce.1.496.APC.base.gff,-1.0105878731917513,0.41859597978018703,T-TEST
ce.1.497.APC.base.gff,0.8666666666666667,5.608650782967649e-06,KS-TEST
ce.1.498.APC.base.gff,-0.5592343514520063,0.6322690808513232,T-TEST
ce.1.499.APC.base.gff,-0.6709564123479076,0.5713576370942708,T-TEST
ce.1.5.APC.base.gff,-3.5327805236043625e-05,0.999975019469361,T-TEST
ce.1.50.APC.base.gff,nan,nan,T-TEST
ce.1.500.APC.base.gff,-1.0122645157726091,0.41795798521930794,T-TEST
ce.1.501.APC.base.gff,0.5555555555555556,0.006668846028113762,KS-TEST
ce.1.502.APC.base.gff,nan,nan,T-TEST
ce.1.503.APC.base.gff,-0.8186372960603806,0.43669780172989026,T-TEST
ce.1.504.APC.base.gff,-0.9641159818654923,0.3722204241314463,T-TEST
ce.1.505.APC.base.gff,0.6666666666666666,0.03356643356643356,KS-TEST
ce.1.506.APC.base.gff,0.7333333333333333,0.00035334499932696196,KS-TEST
ce.1.507.APC.base.gff,1.0,0.0005827505827505828,KS-TEST
ce.1.508.APC.base.gff,-1.0013028103480364,0.42214860542737875,T-TEST
ce.1.509.APC.base.gff,-1.0063068199637375,0.35311191755718013,T-TEST
ce.1.51.APC.base.gff,-0.10961472458972552,0.9227224672088221,T-TEST
ce.1.510.APC.base.gff,-0.7296250433503271,0.4931079893603344,T-TEST
ce.1.511.APC.base.gff,-0.44387898355401906,0.680084564711618,T-TEST
ce.1.512.APC.base.gff,-0.6570903074856721,0.535499571931014,T-TEST
ce.1.513.APC.base.gff,-1.0006794678549438,0.3556145507349624,T-TEST
ce.1.514.APC.base.gff,-1.112899938862849,0.38158350479048686,T-TEST
ce.1.515.APC.base.gff,-0.9885934768573535,0.3610373028874317,T-TEST
ce.1.516.APC.base.gff,-0.8743340147565486,0.41555745924736587,T-TEST
ce.1.517.APC.base.gff,-0.6923742888089878,0.5082972040861464,T-TEST
ce.1.518.APC.base.gff,-0.5608465939515791,0.5872478550509633,T-TEST
ce.1.519.APC.base.gff,-0.5081710225285243,0.622354507296399,T-TEST
ce.1.52.APC.base.gff,nan,nan,T-TEST
ce.1.520.APC.base.gff,nan,nan,T-TEST
ce.1.521.APC.base.gff,0.6666666666666666,0.0018373939965002021,KS-TEST
ce.1.522.APC.base.gff,-0.9462405607087419,0.39760581887079427,T-TEST
ce.1.523.APC.base.gff,nan,nan,T-TEST
ce.1.524.APC.base.gff,-0.6823931321394006,0.5204507972660233,T-TEST
ce.1.525.APC.base.gff,-0.7682993247046904,0.4851564705122321,T-TEST
ce.1.526.APC.base.gff,-0.35558439350319465,0.7343190348910766,T-TEST
ce.1.527.APC.base.gff,0.8888888888888888,0.0007404360345536814,KS-TEST
ce.1.528.APC.base.gff,-0.29437428722321746,0.7831165125632773,T-TEST
ce.1.529.APC.base.gff,0.5714285714285714,0.21212121212121213,KS-TEST
ce.1.53.APC.base.gff,-0.37845611819362396,0.7243209105568893,T-TEST
ce.1.530.APC.base.gff,-0.5933820515150267,0.5848517133572342,T-TEST
ce.1.531.APC.base.gff,-0.5186176607066401,0.6557028144080701,T-TEST
ce.1.532.APC.base.gff,nan,nan,T-TEST
ce.1.533.APC.base.gff,0.7777777777777778,0.006293706293706292,KS-TEST
ce.1.534.APC.base.gff,-1.0005081259093596,0.4224542027401237,T-TEST
ce.1.535.APC.base.gff,-1.256722234474699,0.24430563958251733,T-TEST
ce.1.536.APC.base.gff,-1.0113154172560113,0.4183190034819321,T-TEST
ce.1.537.APC.base.gff,-0.985794970890191,0.4281562040374596,T-TEST
ce.1.538.APC.base.gff,-0.760154435401945,0.5265498094582368,T-TEST
ce.1.539.APC.base.gff,0.6666666666666666,0.00010024313356518223,KS-TEST
ce.1.54.APC.base.gff,-0.0071792899456674065,0.9944476048728261,T-TEST
ce.1.540.APC.base.gff,0.8571428571428571,0.008158508158508158,KS-TEST
ce.1.541.APC.base.gff,-0.9381942236121619,0.4012620368814844,T-TEST
ce.1.542.APC.base.gff,-1.040433646901907,0.32855839981715423,T-TEST
ce.1.543.APC.base.gff,0.8181818181818182,0.0006549178375803762,KS-TEST
ce.1.544.APC.base.gff,-1.000604015157623,0.37364172577124033,T-TEST
ce.1.545.APC.base.gff,-0.6737274806047252,0.5157541622516647,T-TEST
ce.1.55.APC.base.gff,-0.002698261486410612,0.9980920444783139,T-TEST
ce.1.56.APC.base.gff,-0.08320175934520156,0.9376885120871786,T-TEST
ce.1.57.APC.base.gff,-0.493091361407319,0.6394730825278141,T-TEST
ce.1.58.APC.base.gff,-0.017199356673661938,0.987839117582338,T-TEST
ce.1.59.APC.base.gff,nan,nan,T-TEST
ce.1.6.APC.base.gff,-0.4417163584186943,0.6815236471263918,T-TEST
ce.1.60.APC.base.gff,nan,nan,T-TEST
ce.1.61.APC.base.gff,-0.16315434081248684,0.8853926312804854,T-TEST
ce.1.62.APC.base.gff,nan,nan,T-TEST
ce.1.63.APC.base.gff,-0.4751017089995856,0.6515152440073919,T-TEST
ce.1.64.APC.base.gff,nan,nan,T-TEST
ce.1.65.APC.base.gff,nan,nan,T-TEST
ce.1.66.APC.base.gff,nan,nan,T-TEST
ce.1.67.APC.base.gff,-0.024550029483566334,0.982643122741452,T-TEST
ce.1.68.APC.base.gff,nan,nan,T-TEST
ce.1.69.APC.base.gff,nan,nan,T-TEST
ce.1.7.APC.base.gff,nan,nan,T-TEST
ce.1.70.APC.base.gff,nan,nan,T-TEST
ce.1.71.APC.base.gff,nan,nan,T-TEST
ce.1.72.APC.base.gff,-0.03271361596794468,0.9768741666894216,T-TEST
ce.1.73.APC.base.gff,-0.44640155090442973,0.6989864880312918,T-TEST
ce.1.74.APC.base.gff,nan,nan,T-TEST
ce.1.75.APC.base.gff,0.625,0.08702408702408701,KS-TEST
ce.1.76.APC.base.gff,nan,nan,T-TEST
ce.1.77.APC.base.gff,-0.0015261221466023017,0.9988318066089352,T-TEST
ce.1.78.APC.base.gff,nan,nan,T-TEST
ce.1.79.APC.base.gff,-0.11184795351440693,0.9211577476718661,T-TEST
ce.1.8.APC.base.gff,-0.29991366920875245,0.7743619496752787,T-TEST
ce.1.80.APC.base.gff,nan,nan,T-TEST
ce.1.81.APC.base.gff,-0.09836914398441579,0.9306101711489139,T-TEST
ce.1.82.APC.base.gff,-0.451591601637265,0.6674275710807579,T-TEST
ce.1.83.APC.base.gff,nan,nan,T-TEST
ce.1.84.APC.base.gff,-0.4177652258421214,0.6975699073662112,T-TEST
ce.1.85.APC.base.gff,-0.12318589821492303,0.9079014983812784,T-TEST
ce.1.86.APC.base.gff,-0.17586371405485826,0.8689452341040673,T-TEST
ce.1.87.APC.base.gff,nan,nan,T-TEST
ce.1.88.APC.base.gff,0.6666666666666666,0.03356643356643356,KS-TEST
ce.1.89.APC.base.gff,-0.307402795419592,0.7875934058612728,T-TEST
ce.1.9.APC.base.gff,-0.44585686639905964,0.6993205506682607,T-TEST
ce.1.90.APC.base.gff,-0.0002814715081629008,0.9998009695918093,T-TEST
ce.1.91.APC.base.gff,-0.5845094019012942,0.6180289972676424,T-TEST
ce.1.92.APC.base.gff,-0.13398179885318265,0.8998876890721923,T-TEST
ce.1.93.APC.base.gff,-0.03378522908776575,0.9746671019838908,T-TEST
ce.1.94.APC.base.gff,-0.30270225433986736,0.7723366841226054,T-TEST
ce.1.95.APC.base.gff,-0.5848845779523366,0.5900278627593576,T-TEST
ce.1.96.APC.base.gff,-0.3533979368963676,0.741629017303205,T-TEST
ce.1.97.APC.base.gff,-0.6324679377347894,0.591745036364165,T-TEST
ce.1.98.APC.base.gff,-0.560510942332184,0.6315434938964037,T-TEST
ce.1.99.APC.base.gff,-0.3270723410991056,0.774672606709,T-TEST
ce.2.0.APC.base.gff,-0.20329330025305478,0.8456249780716265,T-TEST
ce.2.1.APC.base.gff,-0.014933222997692265,0.9885696279579523,T-TEST
ce.2.10.APC.base.gff,-0.08599785827964287,0.9393024518649287,T-TEST
ce.2.100.APC.base.gff,0.5555555555555556,0.12587412587412586,KS-TEST
ce.2.101.APC.base.gff,-0.22306074373190773,0.8279786366696471,T-TEST
ce.2.102.APC.base.gff,-3.420274747607401,0.07588081872131391,T-TEST
ce.2.103.APC.base.gff,-0.4688539837754844,0.6492281720230564,T-TEST
ce.2.104.APC.base.gff,-0.6410470521494908,0.5563762501172096,T-TEST
ce.2.105.APC.base.gff,0.6923076923076923,0.002874834144183989,KS-TEST
ce.2.106.APC.base.gff,0.3,0.7869297884777761,KS-TEST
ce.2.107.APC.base.gff,-4.9190138396908925,0.03893054475189683,T-TEST
ce.2.108.APC.base.gff,0.5294117647058824,0.015560640732265447,KS-TEST
ce.2.109.APC.base.gff,0.5454545454545454,0.0746606334841629,KS-TEST
ce.2.11.APC.base.gff,-0.6098214029940089,0.5643452433991943,T-TEST
ce.2.110.APC.base.gff,-0.5655692666154881,0.6019037877336311,T-TEST
ce.2.111.APC.base.gff,0.5,0.09954677170991616,KS-TEST
ce.2.112.APC.base.gff,-0.7452779533210888,0.484264252924519,T-TEST
ce.2.113.APC.base.gff,-0.7141706270685173,0.4914551164965705,T-TEST
ce.2.114.APC.base.gff,0.7142857142857143,0.05303030303030303,KS-TEST
ce.2.115.APC.base.gff,-0.5623646115517461,0.5892737783188609,T-TEST
ce.2.116.APC.base.gff,-0.7182287013432354,0.4930552974781649,T-TEST
ce.2.117.APC.base.gff,-0.46129871041974607,0.6544549720839303,T-TEST
ce.2.118.APC.base.gff,-0.6896563724617153,0.5060984143730703,T-TEST
ce.2.119.APC.base.gff,-0.8274315186481906,0.4272964857667919,T-TEST
ce.2.12.APC.base.gff,0.45454545454545453,0.21147608841107293,KS-TEST
ce.2.120.APC.base.gff,-0.899970301319284,0.40280982835337137,T-TEST
ce.2.121.APC.base.gff,-0.5072819902720342,0.6300579034401902,T-TEST
ce.2.122.APC.base.gff,-1.3244687154238668,0.3164315705403701,T-TEST
ce.2.123.APC.base.gff,-0.5759120540664896,0.5955256260813997,T-TEST
ce.2.124.APC.base.gff,-1.0027883894475982,0.3546750030253064,T-TEST
ce.2.125.APC.base.gff,0.5714285714285714,0.21212121212121213,KS-TEST
ce.2.126.APC.base.gff,0.5555555555555556,0.12587412587412586,KS-TEST
ce.2.127.APC.base.gff,-0.4769931725770289,0.6436196766879723,T-TEST
ce.2.128.APC.base.gff,0.5833333333333334,0.031436056203858066,KS-TEST
ce.2.129.APC.base.gff,0.4444444444444444,0.35170711641299873,KS-TEST
ce.2.13.APC.base.gff,-1.6810680719611237,0.23476980718635473,T-TEST
ce.2.130.APC.base.gff,-0.9871513521159776,0.36168871939821196,T-TEST
ce.2.131.APC.base.gff,0.6,0.007655808318750842,KS-TEST
ce.2.132.APC.base.gff,-1.0390128218293118,0.3291796146839035,T-TEST
ce.2.133.APC.base.gff,-0.3511621157103264,0.7374686754197468,T-TEST
ce.2.134.APC.base.gff,-0.5943690848216554,0.5654690962594385,T-TEST
ce.2.135.APC.base.gff,-0.3281869688350331,0.7539208182887766,T-TEST
ce.2.136.APC.base.gff,0.45454545454545453,0.21147608841107293,KS-TEST
ce.2.137.APC.base.gff,0.5714285714285714,0.21212121212121213,KS-TEST
ce.2.138.APC.base.gff,0.2857142857142857,0.9627039627039629,KS-TEST
ce.2.139.APC.base.gff,-0.5250602317896003,0.6272982437509379,T-TEST
ce.2.14.APC.base.gff,-0.3678900686380178,0.7315956214059577,T-TEST
ce.2.140.APC.base.gff,0.6363636363636364,0.020739064856711915,KS-TEST
ce.2.141.APC.base.gff,-1.3229747007454709,0.316842672110612,T-TEST
ce.2.142.APC.base.gff,0.4444444444444444,0.05601816779525039,KS-TEST
ce.2.143.APC.base.gff,0.5,0.2826728826728826,KS-TEST
ce.2.144.APC.base.gff,-0.457684873312901,0.6569620186950653,T-TEST
ce.2.145.APC.base.gff,0.375,0.6601398601398599,KS-TEST
ce.2.146.APC.base.gff,-0.4951751565939253,0.6311757912826428,T-TEST
ce.2.147.APC.base.gff,-0.8846287488239346,0.40216102392135833,T-TEST
ce.2.148.APC.base.gff,-1.161364972239242,0.28960269525296856,T-TEST
ce.2.149.APC.base.gff,0.4,0.41752365281777043,KS-TEST
ce.2.15.APC.base.gff,0.5,0.2826728826728826,KS-TEST
ce.2.150.APC.base.gff,0.5,0.2826728826728826,KS-TEST
ce.2.151.APC.base.gff,0.7142857142857143,1.3460264104909446e-10,KS-TEST
ce.2.152.APC.base.gff,-1.1277706467245228,0.2921018836650492,T-TEST
ce.2.153.APC.base.gff,0.625,0.08702408702408701,KS-TEST
ce.2.154.APC.base.gff,0.375,0.6601398601398599,KS-TEST
ce.2.155.APC.base.gff,-0.8891994255971107,0.4241398702260294,T-TEST
ce.2.156.APC.base.gff,0.2857142857142857,0.9627039627039629,KS-TEST
ce.2.157.APC.base.gff,0.25,0.8689816711757754,KS-TEST
ce.2.158.APC.base.gff,-2.621048316849235,0.11993286090046454,T-TEST
ce.2.159.APC.base.gff,-0.599685655586339,0.5810312426990369,T-TEST
ce.2.16.APC.base.gff,0.25,0.98010878010878,KS-TEST
ce.2.160.APC.base.gff,-0.44303707787229146,0.6732654729749991,T-TEST
ce.2.161.APC.base.gff,0.5517241379310345,0.00020990145960412908,KS-TEST
ce.2.162.APC.base.gff,-0.6428416010050187,0.5440951464383246,T-TEST
ce.2.163.APC.base.gff,0.375,0.6601398601398599,KS-TEST
ce.2.164.APC.base.gff,0.38461538461538464,0.2999201969117166,KS-TEST
ce.2.165.APC.base.gff,-0.7562476949708672,0.4781316740315851,T-TEST
ce.2.166.APC.base.gff,0.2222222222222222,0.9894693541752365,KS-TEST
ce.2.167.APC.base.gff,0.42857142857142855,0.5751748251748252,KS-TEST
ce.2.168.APC.base.gff,0.375,0.6601398601398599,KS-TEST
ce.2.169.APC.base.gff,-0.8841690338979745,0.3973646892250674,T-TEST
ce.2.17.APC.base.gff,-0.0575756601707088,0.9568480509472865,T-TEST
ce.2.170.APC.base.gff,-1.4220689357615373,0.22807155105925148,T-TEST
ce.2.171.APC.base.gff,-0.3489217153689805,0.7343831964449783,T-TEST
ce.2.172.APC.base.gff,-0.5445161648474581,0.6150202041194626,T-TEST
ce.2.173.APC.base.gff,0.5294117647058824,0.015560640732265447,KS-TEST
ce.2.174.APC.base.gff,-0.6633188533810356,0.5434015891530768,T-TEST
ce.2.175.APC.base.gff,0.4,0.41752365281777043,KS-TEST
ce.2.176.APC.base.gff,-0.18583138361129134,0.8572023843494474,T-TEST
ce.2.177.APC.base.gff,0.42857142857142855,0.5751748251748252,KS-TEST
ce.2.178.APC.base.gff,-0.3411121624138107,0.7446471857551191,T-TEST
ce.2.179.APC.base.gff,0.5,0.05902987790590428,KS-TEST
ce.2.18.APC.base.gff,-0.013879285388419897,0.9892661755507046,T-TEST
ce.2.180.APC.base.gff,-2.685971846139061,0.11515567309661333,T-TEST
ce.2.181.APC.base.gff,0.5833333333333334,0.031436056203858066,KS-TEST
ce.2.182.APC.base.gff,0.5555555555555556,0.12587412587412586,KS-TEST
ce.2.183.APC.base.gff,0.7142857142857143,0.05303030303030303,KS-TEST
ce.2.184.APC.base.gff,-0.5805458116249231,0.5926822472592836,T-TEST
ce.2.185.APC.base.gff,0.75,0.018648018648018645,KS-TEST
ce.2.186.APC.base.gff,-0.5847736583508084,0.5748173073128064,T-TEST
ce.2.187.APC.base.gff,0.42857142857142855,0.5751748251748252,KS-TEST
ce.2.188.APC.base.gff,0.45454545454545453,0.020047233548095234,KS-TEST
ce.2.189.APC.base.gff,-0.7407679803927922,0.47586830872404773,T-TEST
ce.2.19.APC.base.gff,-0.0315764164822466,0.9754311942539139,T-TEST
ce.2.190.APC.base.gff,-1.4745798565102723,0.21434335757455467,T-TEST
ce.2.191.APC.base.gff,-1.0035347696466816,0.354342957684901,T-TEST
ce.2.192.APC.base.gff,0.5555555555555556,0.12587412587412586,KS-TEST
ce.2.193.APC.base.gff,-0.6216637721981858,0.5975814909090709,T-TEST
ce.2.194.APC.base.gff,-0.5199709545363717,0.6143988849668537,T-TEST
ce.2.195.APC.base.gff,0.6666666666666666,0.03356643356643356,KS-TEST
ce.2.196.APC.base.gff,-0.4909639880846049,0.6408909749473113,T-TEST
ce.2.197.APC.base.gff,-0.5487152602702319,0.6030046568697884,T-TEST
ce.2.198.APC.base.gff,0.5555555555555556,0.00035235496723871337,KS-TEST
ce.2.199.APC.base.gff,-1.0105629262603308,0.35122848434403353,T-TEST
ce.2.2.APC.base.gff,0.375,0.6601398601398599,KS-TEST
ce.2.20.APC.base.gff,0.42857142857142855,0.5751748251748252,KS-TEST
ce.2.200.APC.base.gff,0.5,0.2826728826728826,KS-TEST
ce.2.201.APC.base.gff,0.42857142857142855,0.5751748251748252,KS-TEST
ce.2.202.APC.base.gff,0.42857142857142855,0.5751748251748252,KS-TEST
ce.2.203.APC.base.gff,0.5833333333333334,0.031436056203858066,KS-TEST
ce.2.204.APC.base.gff,-0.9976715403744342,0.42354699928880624,T-TEST
ce.2.205.APC.base.gff,0.75,0.018648018648018645,KS-TEST
ce.2.206.APC.base.gff,-0.35855354576800996,0.7292069152793799,T-TEST
ce.2.207.APC.base.gff,0.3333333333333333,0.5360977695073805,KS-TEST
ce.2.208.APC.base.gff,-0.7218650582375931,0.4869136007695509,T-TEST
ce.2.209.APC.base.gff,-0.7626341935247894,0.4675700566717743,T-TEST
ce.2.21.APC.base.gff,-0.7776896314590268,0.4801838915589598,T-TEST
ce.2.210.APC.base.gff,-1.0274743629882663,0.3342581980212443,T-TEST
ce.2.211.APC.base.gff,0.2857142857142857,0.9627039627039629,KS-TEST
ce.2.212.APC.base.gff,-0.44585872559702294,0.6675190743592911,T-TEST
ce.2.213.APC.base.gff,0.4444444444444444,0.35170711641299873,KS-TEST
ce.2.214.APC.base.gff,0.6,0.05244755244755244,KS-TEST
ce.2.215.APC.base.gff,0.5833333333333334,0.031436056203858066,KS-TEST
ce.2.216.APC.base.gff,0.2857142857142857,0.9627039627039629,KS-TEST
ce.2.217.APC.base.gff,-4.53450788417018,0.04535114297237358,T-TEST
ce.2.218.APC.base.gff,0.42857142857142855,0.5751748251748252,KS-TEST
ce.2.219.APC.base.gff,-1.4189478728994225,0.22891471421122794,T-TEST
ce.2.22.APC.base.gff,0.4444444444444444,0.35170711641299873,KS-TEST
ce.2.220.APC.base.gff,0.7307692307692307,5.395424897903543e-07,KS-TEST
ce.2.221.APC.base.gff,0.625,0.08702408702408701,KS-TEST
ce.2.222.APC.base.gff,0.375,0.6601398601398599,KS-TEST
ce.2.223.APC.base.gff,0.4444444444444444,0.35170711641299873,KS-TEST
ce.2.224.APC.base.gff,-0.4589186728935523,0.6624474996846976,T-TEST
ce.2.225.APC.base.gff,-0.5265812217118135,0.6263330387794861,T-TEST
ce.2.226.APC.base.gff,0.375,0.6601398601398599,KS-TEST
ce.2.227.APC.base.gff,0.2857142857142857,0.9627039627039629,KS-TEST
ce.2.228.APC.base.gff,0.4444444444444444,0.35170711641299873,KS-TEST
ce.2.229.APC.base.gff,0.6666666666666666,0.03356643356643356,KS-TEST
ce.2.23.APC.base.gff,-0.2591023021194702,0.8083441251049822,T-TEST
ce.2.230.APC.base.gff,-0.617261771318453,0.554220128319427,T-TEST
ce.2.231.APC.base.gff,-1.409346844631196,0.20839641092116246,T-TEST
ce.2.232.APC.base.gff,-0.18890716754427633,0.8593631827602798,T-TEST
ce.2.233.APC.base.gff,-0.8270609105498309,0.43217794205908344,T-TEST
ce.2.234.APC.base.gff,-0.7521601932463734,0.48041047452857166,T-TEST
ce.2.235.APC.base.gff,0.5,0.2826728826728826,KS-TEST
ce.2.236.APC.base.gff,-0.7849195811687752,0.4763820742843553,T-TEST
ce.2.237.APC.base.gff,0.2857142857142857,0.9627039627039629,KS-TEST
ce.2.238.APC.base.gff,-0.8127076647827756,0.44742462088447965,T-TEST
ce.2.239.APC.base.gff,-0.0050397732405013254,0.9960779822206975,T-TEST
ce.2.24.APC.base.gff,-0.6903872235305969,0.5279210049925457,T-TEST
ce.2.240.APC.base.gff,-0.8028608359977054,0.44525029076681844,T-TEST
ce.2.241.APC.base.gff,-0.4602325944565288,0.6615564380370558,T-TEST
ce.2.242.APC.base.gff,-1.103964849098993,0.2954640907955148,T-TEST
ce.2.243.APC.base.gff,0.2727272727272727,0.832587690946824,KS-TEST
ce.2.244.APC.base.gff,-1.0852134665774593,0.3194936632530266,T-TEST
ce.2.245.APC.base.gff,-0.8679738698782737,0.4187663423723226,T-TEST
ce.2.246.APC.base.gff,-0.793055382644503,0.4461535573631529,T-TEST
ce.2.247.APC.base.gff,-1.177703409492733,0.2727598695949873,T-TEST
ce.2.248.APC.base.gff,0.6666666666666666,0.03356643356643356,KS-TEST
ce.2.249.APC.base.gff,0.4444444444444444,0.35170711641299873,KS-TEST
ce.2.25.APC.base.gff,0.4444444444444444,0.35170711641299873,KS-TEST
ce.2.250.APC.base.gff,-1.196259485183006,0.2658436626301496,T-TEST
ce.2.251.APC.base.gff,-0.6114282153992561,0.5545604213725132,T-TEST
ce.2.252.APC.base.gff,-1.0848938207647623,0.3034303153875668,T-TEST
ce.2.253.APC.base.gff,0.5,0.2826728826728826,KS-TEST
ce.2.254.APC.base.gff,-1.204388240773717,0.2628596686388123,T-TEST
ce.2.255.APC.base.gff,-3.9741444659772296,0.057873972111997685,T-TEST
ce.2.256.APC.base.gff,-0.7819843961449877,0.4639557476028695,T-TEST
ce.2.257.APC.base.gff,-3.6294340893275683,0.06823548988685942,T-TEST
ce.2.258.APC.base.gff,-0.24651971192192135,0.8102666236905243,T-TEST
ce.2.259.APC.base.gff,-0.9816533990976423,0.3641807253911246,T-TEST
ce.2.26.APC.base.gff,-0.01628023674892312,0.9874095224714353,T-TEST
ce.2.260.APC.base.gff,-0.690356422307438,0.5279384393226415,T-TEST
ce.2.261.APC.base.gff,0.6428571428571429,0.004899717324000537,KS-TEST
ce.2.262.APC.base.gff,-1.4507477474194275,0.22046789826672394,T-TEST
ce.2.263.APC.base.gff,-0.5405213321721347,0.6035563430569868,T-TEST
ce.2.264.APC.base.gff,0.375,0.6601398601398599,KS-TEST
ce.2.265.APC.base.gff,0.7368421052631579,2.8402221176801622e-05,KS-TEST
ce.2.266.APC.base.gff,-1.0093337165750447,0.3699124454758741,T-TEST
ce.2.267.APC.base.gff,-0.19832512768270721,0.8477378224420105,T-TEST
ce.2.268.APC.base.gff,-0.22401107735937711,0.8283636571623307,T-TEST
ce.2.269.APC.base.gff,-0.55187681353235,0.593150759429102,T-TEST
ce.2.27.APC.base.gff,-1.0547024124858697,0.3510532517007283,T-TEST
ce.2.270.APC.base.gff,0.375,0.6601398601398599,KS-TEST
ce.2.271.APC.base.gff,-0.4759105210884147,0.6443643612516282,T-TEST
ce.2.272.APC.base.gff,0.6,0.05244755244755244,KS-TEST
ce.2.273.APC.base.gff,0.6666666666666666,0.007859014050964517,KS-TEST
ce.2.274.APC.base.gff,-0.7270001232001118,0.494601721457371,T-TEST
ce.2.275.APC.base.gff,-0.5083467884082061,0.6293544617769851,T-TEST
ce.2.276.APC.base.gff,0.6875,0.0006700468135385351,KS-TEST
ce.2.277.APC.base.gff,0.625,0.08702408702408701,KS-TEST
ce.2.278.APC.base.gff,0.4444444444444444,0.35170711641299873,KS-TEST
ce.2.279.APC.base.gff,-0.07347438323634795,0.9432325110104092,T-TEST
ce.2.28.APC.base.gff,-0.22401079466734794,0.8337254884584065,T-TEST
ce.2.280.APC.base.gff,0.42857142857142855,0.5751748251748252,KS-TEST
ce.2.281.APC.base.gff,-0.40453643302825265,0.6943354078406934,T-TEST
ce.2.282.APC.base.gff,0.4166666666666667,0.2557751845677543,KS-TEST
ce.2.283.APC.base.gff,0.42857142857142855,0.5751748251748252,KS-TEST
ce.2.284.APC.base.gff,0.25,0.98010878010878,KS-TEST
ce.2.285.APC.base.gff,0.9587628865979382,7.965511865102313e-50,KS-TEST
ce.2.286.APC.base.gff,0.75,9.54696510144592e-06,KS-TEST
ce.2.287.APC.base.gff,-1.1726561751448161,0.2746663429366501,T-TEST
ce.2.288.APC.base.gff,-0.5383887500808905,0.6096852331808702,T-TEST
ce.2.289.APC.base.gff,-0.8315504363088674,0.42507347871693557,T-TEST
ce.2.29.APC.base.gff,-0.2598427224859191,0.8015472867337693,T-TEST
ce.2.290.APC.base.gff,0.3333333333333333,0.7301110654051831,KS-TEST
ce.2.291.APC.base.gff,0.42857142857142855,0.5751748251748252,KS-TEST
ce.2.292.APC.base.gff,0.45454545454545453,0.21147608841107293,KS-TEST
ce.2.293.APC.base.gff,-0.6301861976555589,0.5461475092739961,T-TEST
ce.2.294.APC.base.gff,0.42857142857142855,0.5751748251748252,KS-TEST
ce.2.295.APC.base.gff,-0.8081618683182046,0.4423638938175848,T-TEST
ce.2.296.APC.base.gff,-1.1516674775319913,0.28271115974092004,T-TEST
ce.2.3.APC.base.gff,0.2857142857142857,0.9627039627039629,KS-TEST
ce.2.30.APC.base.gff,0.25,0.98010878010878,KS-TEST
ce.2.31.APC.base.gff,0.42857142857142855,0.15493471530488623,KS-TEST
ce.2.32.APC.base.gff,0.42857142857142855,0.5751748251748252,KS-TEST
ce.2.33.APC.base.gff,-0.027332377403328247,0.9788641533664556,T-TEST
ce.2.34.APC.base.gff,-0.7786914583844358,0.4657528801248413,T-TEST
ce.2.35.APC.base.gff,0.2857142857142857,0.9627039627039629,KS-TEST
ce.2.36.APC.base.gff,-0.37358814087801634,0.7184168171209165,T-TEST
ce.2.37.APC.base.gff,-0.5715800633532941,0.625280300099008,T-TEST
ce.2.38.APC.base.gff,-0.3822857080495428,0.7154239369161889,T-TEST
ce.2.39.APC.base.gff,-0.48144759292978734,0.6472539228317638,T-TEST
ce.2.4.APC.base.gff,-0.1331413534391292,0.8973697407547319,T-TEST
ce.2.40.APC.base.gff,0.5555555555555556,0.12587412587412586,KS-TEST
ce.2.41.APC.base.gff,-0.6028372665667685,0.5633116780262157,T-TEST
ce.2.42.APC.base.gff,0.5714285714285714,0.21212121212121213,KS-TEST
ce.2.43.APC.base.gff,0.42857142857142855,0.5751748251748252,KS-TEST
ce.2.44.APC.base.gff,-0.22124098695287803,0.8293569716637973,T-TEST
ce.2.45.APC.base.gff,0.625,0.08702408702408701,KS-TEST
ce.2.46.APC.base.gff,-0.4521175076582567,0.6631913863369618,T-TEST
ce.2.47.APC.base.gff,-0.509643025656455,0.6284986982820966,T-TEST
ce.2.48.APC.base.gff,0.375,0.6601398601398599,KS-TEST
ce.2.49.APC.base.gff,-0.4134173233736513,0.7005037961598475,T-TEST
ce.2.5.APC.base.gff,-0.10039610660668068,0.9233005149910745,T-TEST
ce.2.50.APC.base.gff,-0.9223693836211352,0.37805284275811435,T-TEST
ce.2.51.APC.base.gff,-0.32531093017770424,0.7559905325933857,T-TEST
ce.2.52.APC.base.gff,0.375,0.6601398601398599,KS-TEST
ce.2.53.APC.base.gff,-0.3924503395574649,0.7082877083226765,T-TEST
ce.2.54.APC.base.gff,0.5555555555555556,0.12587412587412586,KS-TEST
ce.2.55.APC.base.gff,0.45454545454545453,0.21147608841107293,KS-TEST
ce.2.56.APC.base.gff,-0.08450891570626327,0.9354010242139523,T-TEST
ce.2.57.APC.base.gff,0.4,0.41752365281777043,KS-TEST
ce.2.58.APC.base.gff,-0.617659259211704,0.5539708178082836,T-TEST
ce.2.59.APC.base.gff,-0.5755338487742533,0.5858516827446894,T-TEST
ce.2.6.APC.base.gff,0.42857142857142855,0.5751748251748252,KS-TEST
ce.2.60.APC.base.gff,0.5,0.16782134274394334,KS-TEST
ce.2.61.APC.base.gff,-0.822990348520137,0.43435802664654344,T-TEST
ce.2.62.APC.base.gff,0.375,0.6601398601398599,KS-TEST
ce.2.63.APC.base.gff,0.4,0.41752365281777043,KS-TEST
ce.2.64.APC.base.gff,-0.334106413151935,0.7468891493734635,T-TEST
ce.2.65.APC.base.gff,-0.3167325634602433,0.7595538173590557,T-TEST
ce.2.66.APC.base.gff,0.2857142857142857,0.9627039627039629,KS-TEST
ce.2.67.APC.base.gff,0.5,0.09954677170991616,KS-TEST
ce.2.68.APC.base.gff,0.42857142857142855,0.5751748251748252,KS-TEST
ce.2.69.APC.base.gff,0.5,0.2826728826728826,KS-TEST
ce.2.7.APC.base.gff,-0.041744765683825784,0.9677252251482951,T-TEST
ce.2.70.APC.base.gff,-0.4524497295842379,0.6629620423499314,T-TEST
ce.2.71.APC.base.gff,-0.45692080284504444,0.6638035548710168,T-TEST
ce.2.72.APC.base.gff,0.42857142857142855,0.5751748251748252,KS-TEST
ce.2.73.APC.base.gff,-0.012311497082668281,0.9907666687529699,T-TEST
ce.2.74.APC.base.gff,-0.7616257138041742,0.475144817286439,T-TEST
ce.2.75.APC.base.gff,0.2857142857142857,0.6354849613377005,KS-TEST
ce.2.76.APC.base.gff,-0.7720783051902395,0.469376797910919,T-TEST
ce.2.77.APC.base.gff,0.825,5.909773748995038e-14,KS-TEST
ce.2.78.APC.base.gff,-1.8070364609595408,0.21249734989091357,T-TEST
ce.2.79.APC.base.gff,-0.5064864147318024,0.6305837651062939,T-TEST
ce.2.8.APC.base.gff,-0.045498552218555824,0.9648251612879691,T-TEST
ce.2.80.APC.base.gff,-0.02955976461007466,0.9769997799596623,T-TEST
ce.2.81.APC.base.gff,-0.7046912662058212,0.5009992877842109,T-TEST
ce.2.82.APC.base.gff,0.2857142857142857,0.9627039627039629,KS-TEST
ce.2.83.APC.base.gff,0.2222222222222222,0.9894693541752365,KS-TEST
ce.2.84.APC.base.gff,-0.7846605517938284,0.45525774648729456,T-TEST
ce.2.85.APC.base.gff,-0.9765891239508,0.35737544285273515,T-TEST
ce.2.86.APC.base.gff,0.3333333333333333,0.7301110654051831,KS-TEST
ce.2.87.APC.base.gff,0.5714285714285714,0.21212121212121213,KS-TEST
ce.2.88.APC.base.gff,-0.8370319160145524,0.44966882919454054,T-TEST
ce.2.89.APC.base.gff,-0.43304964536163276,0.6741701349942775,T-TEST
ce.2.9.APC.base.gff,-0.2263408516372596,0.8254957401919448,T-TEST
ce.2.90.APC.base.gff,0.42857142857142855,0.5751748251748252,KS-TEST
ce.2.91.APC.base.gff,0.375,0.21453463154903454,KS-TEST
ce.2.92.APC.base.gff,0.3333333333333333,0.7301110654051831,KS-TEST
ce.2.93.APC.base.gff,-0.7305220949145835,0.4859116770033054,T-TEST
ce.2.94.APC.base.gff,0.2857142857142857,0.9627039627039629,KS-TEST
ce.2.95.APC.base.gff,-0.3343363925528291,0.7467220431847801,T-TEST
ce.2.96.APC.base.gff,-1.7071437961609275,0.2299170521738162,T-TEST
ce.2.97.APC.base.gff,-0.6471318007176637,0.5528103970361973,T-TEST
ce.2.98.APC.base.gff,-0.4877914847755016,0.6362149678586597,T-TEST
ce.2.99.APC.base.gff,0.7142857142857143,0.05303030303030303,KS-TEST
ce.3.0.APC.base.gff,0.375,0.6601398601398599,KS-TEST
ce.3.1.APC.base.gff,-0.6282191708787825,0.5530059551692325,T-TEST
ce.3.10.APC.base.gff,0.3,0.7869297884777761,KS-TEST
ce.3.11.APC.base.gff,0.42857142857142855,0.15493471530488623,KS-TEST
ce.3.12.APC.base.gff,0.375,0.6601398601398599,KS-TEST
ce.3.13.APC.base.gff,-0.13847753492611953,0.8926119095676482,T-TEST
ce.3.14.APC.base.gff,-0.26591650575017883,0.8034471272606767,T-TEST
ce.3.15.APC.base.gff,-0.37839642609810736,0.7130451811448031,T-TEST
ce.3.16.APC.base.gff,-0.07097002001013009,0.9448208899663995,T-TEST
ce.3.17.APC.base.gff,0.375,0.6601398601398599,KS-TEST
ce.3.18.APC.base.gff,-0.1506814258149721,0.8839570835361612,T-TEST
ce.3.19.APC.base.gff,0.46153846153846156,0.12648770263254042,KS-TEST
ce.3.2.APC.base.gff,0.3076923076923077,0.5881960656115993,KS-TEST
ce.3.20.APC.base.gff,0.5,0.09954677170991616,KS-TEST
ce.3.21.APC.base.gff,-2.55033271543594,0.06328308380085637,T-TEST
ce.3.22.APC.base.gff,-0.018304300369539974,0.9857561614566328,T-TEST
ce.3.23.APC.base.gff,0.3,0.7869297884777761,KS-TEST
ce.3.24.APC.base.gff,0.4,0.41752365281777043,KS-TEST
ce.3.25.APC.base.gff,0.42857142857142855,0.5751748251748252,KS-TEST
ce.3.26.APC.base.gff,0.42857142857142855,0.5751748251748252,KS-TEST
ce.3.27.APC.base.gff,0.375,0.6601398601398599,KS-TEST
ce.3.28.APC.base.gff,-0.052366239958513576,0.9595208645114622,T-TEST
ce.3.29.APC.base.gff,0.2777777777777778,0.5025900605581054,KS-TEST
ce.3.3.APC.base.gff,-1.390197330513177,0.23682923060591884,T-TEST
ce.3.30.APC.base.gff,0.42857142857142855,0.5751748251748252,KS-TEST
ce.3.31.APC.base.gff,0.6,0.001115801546231492,KS-TEST
ce.3.32.APC.base.gff,0.38095238095238093,0.09481656218610322,KS-TEST
ce.3.33.APC.base.gff,0.375,0.6601398601398599,KS-TEST
ce.3.34.APC.base.gff,0.5,0.09954677170991616,KS-TEST
ce.3.35.APC.base.gff,0.375,0.6601398601398599,KS-TEST
ce.3.36.APC.base.gff,0.5,0.2826728826728826,KS-TEST
ce.3.37.APC.base.gff,0.3,0.7869297884777761,KS-TEST
ce.3.38.APC.base.gff,-0.6608443294393634,0.5272802233488395,T-TEST
ce.3.39.APC.base.gff,-0.14710953330776505,0.8878642775018734,T-TEST
ce.3.4.APC.base.gff,0.4444444444444444,0.35170711641299873,KS-TEST
ce.3.40.APC.base.gff,0.42857142857142855,0.15493471530488623,KS-TEST
ce.3.41.APC.base.gff,0.42857142857142855,0.15493471530488623,KS-TEST
ce.3.42.APC.base.gff,-0.0347304450947273,0.9729781607237943,T-TEST
ce.3.43.APC.base.gff,0.42857142857142855,0.5751748251748252,KS-TEST
ce.3.44.APC.base.gff,0.5,0.2826728826728826,KS-TEST
ce.3.45.APC.base.gff,-0.5169511777924781,0.6164299159206051,T-TEST
ce.3.46.APC.base.gff,-0.8782548779888921,0.41358844089783825,T-TEST
ce.3.47.APC.base.gff,0.42857142857142855,0.5751748251748252,KS-TEST
ce.3.48.APC.base.gff,0.3,0.7869297884777761,KS-TEST
ce.3.49.APC.base.gff,-1.1138274666822212,0.2914082663507465,T-TEST
ce.3.5.APC.base.gff,0.375,0.6601398601398599,KS-TEST
ce.3.50.APC.base.gff,0.42857142857142855,0.5751748251748252,KS-TEST
ce.3.51.APC.base.gff,-0.7623413465497866,0.4747483460966131,T-TEST
ce.3.52.APC.base.gff,0.42857142857142855,0.5751748251748252,KS-TEST
ce.3.53.APC.base.gff,0.2222222222222222,0.9894693541752365,KS-TEST
ce.3.54.APC.base.gff,0.5,0.2826728826728826,KS-TEST
ce.3.55.APC.base.gff,0.25,0.98010878010878,KS-TEST
ce.3.56.APC.base.gff,0.4,0.41752365281777043,KS-TEST
ce.3.57.APC.base.gff,-1.0406159177454954,0.33815801818635766,T-TEST
ce.3.58.APC.base.gff,0.45454545454545453,0.21147608841107293,KS-TEST
ce.3.59.APC.base.gff,-0.8661550964899334,0.4067064767927655,T-TEST
ce.3.6.APC.base.gff,0.42857142857142855,0.5751748251748252,KS-TEST
ce.3.60.APC.base.gff,0.42857142857142855,0.5751748251748252,KS-TEST
ce.3.61.APC.base.gff,-3.019813519708847,0.03917041861740506,T-TEST
ce.3.62.APC.base.gff,-0.22401111852734468,0.8283636262065301,T-TEST
ce.3.63.APC.base.gff,0.47368421052631576,0.026749480251438945,KS-TEST
ce.3.64.APC.base.gff,-0.5920992880440608,0.566929493305792,T-TEST
ce.3.65.APC.base.gff,0.42857142857142855,0.15493471530488623,KS-TEST
ce.3.66.APC.base.gff,0.5555555555555556,0.12587412587412586,KS-TEST
ce.3.67.APC.base.gff,-0.06857629682586273,0.9466787450270959,T-TEST
ce.3.68.APC.base.gff,0.42857142857142855,0.5751748251748252,KS-TEST
ce.3.69.APC.base.gff,0.3333333333333333,0.5360977695073805,KS-TEST
ce.3.7.APC.base.gff,-0.36348942570332166,0.7238059731998752,T-TEST
ce.3.8.APC.base.gff,0.375,0.21453463154903454,KS-TEST
ce.3.9.APC.base.gff,-0.6633515115530791,0.5317499969152228,T-TEST
ce.4.0.APC.base.gff,0.25,0.98010878010878,KS-TEST
ce.4.1.APC.base.gff,0.42857142857142855,0.5751748251748252,KS-TEST
ce.4.2.APC.base.gff,0.36363636363636365,0.479150364599281,KS-TEST
ce.4.3.APC.base.gff,0.2,0.9944575548290717,KS-TEST
ce.4.4.APC.base.gff,0.25,0.98010878010878,KS-TEST
ce.4.5.APC.base.gff,0.3,0.7869297884777761,KS-TEST
ce.4.6.APC.base.gff,0.3333333333333333,0.5360977695073805,KS-TEST
ce.4.7.APC.base.gff,0.5625,0.011199353883429802,KS-TEST
