ch.1_0,0.0,1.0
ch.1_1,2.0,0.37582508748869836
ch.1_10,4.0,1.0
ch.1_100,6.0,0.6631172453203822
ch.1_101,6.0,0.7
ch.1_102,4.0,1.0
ch.1_10,0.0,1.0
ch.1_104,11.0,0.4857142857142857
ch.1_105,8.0,0.39761475195653073
ch.1_106,6.0,0.7
ch.1_107,2.0,1.0
ch.1_108,4.0,1.0
ch.1_109,2.0,1.0
ch.1_11,32.0,0.3705670479246522
ch.1_110,2.0,1.0
ch.1_111,0.0,1.0
ch.1_112,0.0,1.0
ch.1_11,3.0,0.183150203156622
ch.1_114,16.0,0.5476190476190477
ch.1_115,2.0,1.0
ch.1_116,2.0,1.0
ch.1_117,1.0,0.6666666666666666
ch.1_118,5.0,0.04457559645720928
ch.1_119,2.0,0.37582508748869836
ch.1_12,0.0,1.0
ch.1_120,8.0,0.39761475195653073
ch.1_121,12.0,1.0
ch.1_122,4.0,1.0
ch.1_12,6.0,0.7
ch.1_124,7.5,0.33211197790172275
ch.1_125,1.0,0.6666666666666666
ch.1_126,0.0,1.0
ch.1_127,1.0,0.6666666666666666
ch.1_128,3.5,0.8247780950825133
ch.1_129,5.0,1.0
ch.1_1,2.0,0.36868826936178156
ch.1_130,0.0,1.0
ch.1_131,0.0,1.0
ch.1_132,2.0,1.0
ch.1_1,12.0,1.0
ch.1_134,1.0,0.6666666666666666
ch.1_135,0.0,1.0
ch.1_136,6.0,0.7
ch.1_137,13.0,1.0
ch.1_138,11.0,0.46782507728497025
ch.1_139,1.0,0.6666666666666666
ch.1_14,22.0,0.7974247416578414
ch.1_140,18.0,0.43821080248252353
ch.1_141,9.0,0.8857142857142857
ch.1_142,6.0,0.7
ch.1_14,2.0,1.0
ch.1_144,0.0,1.0
ch.1_145,0.0,1.0
ch.1_146,23.0,0.47039300443864773
ch.1_147,14.0,0.8412698412698413
ch.1_148,2.0,1.0
ch.1_149,5.0,0.4857142857142857
ch.1_15,0.0,1.0
ch.1_150,54.0,0.7901777239971897
ch.1_151,5.0,0.4857142857142857
ch.1_152,2.0,1.0
ch.1_15,9.0,0.8845494388529623
ch.1_154,0.0,1.0
ch.1_155,2.0,1.0
ch.1_156,12.0,0.1164240425456285
ch.1_157,0.0,1.0
ch.1_158,4.0,1.0
ch.1_159,345.0,3.4218618323448e-10
ch.1_16,0.0,1.0
ch.1_160,8.0,1.0
ch.1_161,57.0,8.06829233575243e-06
ch.1_162,1.0,0.6666666666666666
ch.1_16,10.0,0.021910969802053402
ch.1_164,3.0,0.7
ch.1_165,16.0,0.5476190476190477
ch.1_166,1.0,0.6666666666666666
ch.1_167,2.0,1.0
ch.1_168,0.0,1.0
ch.1_169,33.0,0.9580911282267016
ch.1_17,2.0,1.0
ch.1_170,1.0,0.6666666666666666
ch.1_171,2.0,1.0
ch.1_172,2.0,1.0
ch.1_17,0.0,1.0
ch.1_174,0.0,1.0
ch.1_175,2.0,1.0
ch.1_176,3.0,0.183150203156622
ch.1_177,1.0,0.6666666666666666
ch.1_178,7.0,0.8857142857142857
ch.1_179,2.0,1.0
ch.1_18,0.0,1.0
ch.1_180,8.0,0.39761475195653073
ch.1_181,2.0,1.0
ch.1_182,2.0,1.0
ch.1_18,6.0,0.6631172453203822
ch.1_184,6.0,0.7
ch.1_185,4.0,1.0
ch.1_186,2.0,1.0
ch.1_187,0.0,1.0
ch.1_188,0.0,1.0
ch.1_189,30.0,0.8743670611628918
ch.1_19,33.0,0.31759906759906764
ch.1_190,0.0,1.0
ch.1_191,3.0,0.183150203156622
ch.1_192,1.0,0.6666666666666666
ch.1_19,0.0,1.0
ch.1_194,25.0,0.29710698354709286
ch.1_195,9.0,0.8857142857142857
ch.1_196,3.0,0.7
ch.1_197,2.0,1.0
ch.1_198,2.0,1.0
ch.1_199,6.0,0.20450053332564166
ch.1_2,0.0,1.0
ch.1_20,0.0,1.0
ch.1_200,6.0,0.7
ch.1_201,1.0,0.6666666666666666
ch.1_202,0.0,1.0
ch.1_20,35.0,0.7922976624962125
ch.1_204,9.0,0.8857142857142857
ch.1_205,40.0,0.1845565603775493
ch.1_206,16.0,0.03079197476008656
ch.1_207,0.0,1.0
ch.1_208,2.0,1.0
ch.1_209,5.0,1.0
ch.1_21,2.0,1.0
ch.1_210,6.0,0.7
ch.1_211,0.0,1.0
ch.1_212,40.0,0.05303030303030303
ch.1_21,14.0,0.0008962859670651568
ch.1_214,0.0,1.0
ch.1_215,74.0,0.2775321891827749
ch.1_216,17.0,0.3652328515425507
ch.1_217,5.0,1.0
ch.1_218,9.0,0.8857142857142857
ch.1_219,2.0,1.0
ch.1_22,0.0,1.0
ch.1_220,19.0,0.18269447121494797
ch.1_221,6.0,0.20869044313696405
ch.1_222,8.0,1.0
ch.1_22,6.0,0.661196707936934
ch.1_224,1.0,0.6666666666666666
ch.1_225,48.0,0.0616716425134672
ch.1_226,6.0,0.661196707936934
ch.1_227,33.0,0.31759906759906764
ch.1_228,4.0,1.0
ch.1_229,0.0,1.0
ch.1_2,108.0,0.0005263492611708708
ch.1_230,9.0,0.8857142857142857
ch.1_231,0.0,1.0
ch.1_232,0.0,1.0
ch.1_2,0.0,1.0
ch.1_234,0.0,1.0
ch.1_235,2.0,1.0
ch.1_236,0.0,1.0
ch.1_237,69.0,0.07059742651302364
ch.1_238,12.0,0.34285714285714286
ch.1_239,2.0,1.0
ch.1_24,2.0,0.37582508748869836
ch.1_240,7.0,0.8857142857142857
ch.1_241,4.0,0.09523809523809523
ch.1_242,4.0,1.0
ch.1_24,1.0,0.6666666666666666
ch.1_244,1.0,0.6666666666666666
ch.1_245,6.0,0.7
ch.1_246,2.0,1.0
ch.1_247,16.0,0.5476190476190477
ch.1_248,0.0,1.0
ch.1_249,21.0,0.6991341991341992
ch.1_25,1.0,0.6666666666666666
ch.1_250,9.0,0.5296192990034517
ch.1_251,1.0,0.6666666666666666
ch.1_252,1.0,0.6666666666666666
ch.1_25,5.0,1.0
ch.1_254,2.0,0.4
ch.1_255,0.0,1.0
ch.1_256,15.0,0.6904761904761905
ch.1_257,0.0,1.0
ch.1_258,17.0,0.9360746770666198
ch.1_259,14.0,0.05915043625831075
ch.1_26,4.0,1.0
ch.1_260,2.0,1.0
ch.1_261,6.0,0.661196707936934
ch.1_262,14.0,0.8412698412698413
ch.1_26,0.0,1.0
ch.1_264,1.0,0.6666666666666666
ch.1_265,17.0,0.9372294372294373
ch.1_266,0.0,1.0
ch.1_267,6.0,0.6631172453203822
ch.1_268,0.0,1.0
ch.1_269,5.0,0.03758071068136463
ch.1_27,0.0,1.0
ch.1_270,0.0,1.0
ch.1_271,3.0,0.19126698687886878
ch.1_272,9.0,0.8857142857142857
ch.1_27,6.0,0.6631172453203822
ch.1_274,1.0,0.6666666666666666
ch.1_275,9.0,0.8845494388529623
ch.1_276,0.0,1.0
ch.1_277,35.0,0.20862470862470864
ch.1_278,7.0,0.8857142857142857
ch.1_279,0.0,1.0
ch.1_28,0.0,1.0
ch.1_280,183.0,1.8902392161021205e-07
ch.1_281,36.0,0.16491841491841494
ch.1_282,34.0,0.00824110787352341
ch.1_28,0.0,0.3333333333333333
ch.1_284,2.0,0.36868826936178156
ch.1_285,6.0,0.6631172453203822
ch.1_286,7.0,0.8857142857142857
ch.1_287,12.0,0.34285714285714286
ch.1_288,6.0,0.7
ch.1_289,16.0,0.5296192990034517
ch.1_29,0.0,1.0
ch.1_290,12.0,0.34285714285714286
ch.1_291,4.0,1.0
ch.1_292,1.0,0.6666666666666666
ch.1_29,0.0,1.0
ch.1_294,16.0,0.5476190476190477
ch.1_295,0.0,1.0
ch.1_296,45.0,0.19487179487179485
ch.1_297,16.0,0.5296192990034517
ch.1_298,4.0,1.0
ch.1_299,1.0,0.6666666666666666
ch.1_,4.0,1.0
ch.1_30,0.0,1.0
ch.1_300,0.0,1.0
ch.1_301,12.0,1.0
ch.1_302,1.0,0.6666666666666666
ch.1_30,2.0,1.0
ch.1_304,1.0,0.6666666666666666
ch.1_305,1.0,0.6666666666666666
ch.1_306,12.0,1.0
ch.1_307,7.0,0.8857142857142857
ch.1_308,6.0,0.7
ch.1_309,36.0,0.15940499314793333
ch.1_31,12.0,0.34285714285714286
ch.1_310,8.0,0.4019653583567354
ch.1_311,4.0,1.0
ch.1_312,33.0,0.31759906759906764
ch.1_31,0.0,1.0
ch.1_314,20.0,0.024643303474456278
ch.1_315,2.0,0.4
ch.1_316,2.0,1.0
ch.1_317,5.0,0.03758071068136463
ch.1_318,20.0,0.15079365079365079
ch.1_319,6.0,0.661196707936934
ch.1_32,1.0,0.6666666666666666
ch.1_320,25.0,0.30952380952380953
ch.1_321,18.0,0.43821080248252353
ch.1_322,1.0,0.6666666666666666
ch.1_32,20.0,0.8098548786049068
ch.1_324,2.0,1.0
ch.1_325,2.0,0.37582508748869836
ch.1_326,6.0,0.7
ch.1_327,4.0,1.0
ch.1_328,24.0,1.0
ch.1_329,19.0,0.20869044313696405
ch.1_,6.0,0.6631172453203822
ch.1_330,4.0,1.0
ch.1_331,3.0,0.7
ch.1_332,1.0,0.6666666666666666
ch.1_,6.0,0.7
ch.1_334,4.0,1.0
ch.1_335,12.0,0.34285714285714286
ch.1_336,2.0,1.0
ch.1_337,6.0,0.661196707936934
ch.1_338,9.0,0.8845494388529623
ch.1_339,12.0,1.0
ch.1_34,4.0,1.0
ch.1_340,30.0,0.52013906070447
ch.1_341,1.0,0.6666666666666666
ch.1_342,4.0,1.0
ch.1_34,6.0,0.7
ch.1_344,61.0,0.07723574482601518
ch.1_345,1.0,0.6666666666666666
ch.1_346,36.0,0.011260527218700548
ch.1_347,22.0,0.5887445887445888
ch.1_348,0.0,1.0
ch.1_349,0.0,1.0
ch.1_35,3.0,0.7
ch.1_350,76.0,0.00017596221512357558
ch.1_351,2.0,0.37582508748869836
ch.1_352,444.0,5.888962313701405e-05
ch.1_35,6.0,0.6631172453203822
ch.1_354,2.0,1.0
ch.1_355,0.0,1.0
ch.1_356,4.0,1.0
ch.1_357,16.0,0.5476190476190477
ch.1_358,39.0,0.005531711333033643
ch.1_359,3.0,0.7
ch.1_36,2.0,1.0
ch.1_360,1.0,0.6666666666666666
ch.1_361,90.0,0.1507654568262645
ch.1_362,2.0,0.10375367752098565
ch.1_36,2.0,1.0
ch.1_364,191.0,0.006157529251400921
ch.1_365,9.5,0.7715034091403082
ch.1_366,2.0,1.0
ch.1_367,54.0,0.7905662189528319
ch.1_368,2.0,1.0
ch.1_369,0.0,1.0
ch.1_37,0.0,1.0
ch.1_370,2.0,0.37582508748869836
ch.1_371,12.0,0.11600309998255603
ch.1_372,6.0,0.016542348826492217
ch.1_37,34.0,0.2496320263282753
ch.1_374,8.0,0.39761475195653073
ch.1_375,9.0,0.8857142857142857
ch.1_376,78.0,0.3645583595753119
ch.1_377,78.0,0.03763531378731424
ch.1_378,18.0,0.30952380952380953
ch.1_379,0.0,1.0
ch.1_38,6.0,0.7
ch.1_380,6.0,0.7
ch.1_381,12.0,0.34285714285714286
ch.1_382,29.0,0.6088863050232023
ch.1_38,48.0,0.5345958364130857
ch.1_384,6.0,0.7
ch.1_385,1.0,0.6666666666666666
ch.1_386,8.0,1.0
ch.1_387,32.0,0.47510435662050376
ch.1_388,0.0,1.0
ch.1_389,25.0,1.0
ch.1_39,2.0,0.4
ch.1_390,136.0,0.0013253759270317655
ch.1_391,24.0,1.0
ch.1_392,419.0,0.3854430616222303
ch.1_39,1.0,0.6666666666666666
ch.1_394,35.0,0.7925972289255464
ch.1_395,12.0,0.34285714285714286
ch.1_396,10.0,0.6857142857142857
ch.1_397,2.0,1.0
ch.1_398,124.0,0.6468828553904908
ch.1_399,18.0,0.30952380952380953
ch.1_4,4.0,1.0
ch.1_40,3.0,0.7
ch.1_400,19.0,0.9360746770666198
ch.1_401,2.0,0.37582508748869836
ch.1_402,0.0,1.0
ch.1_40,3.0,0.7
ch.1_404,22.0,0.5724755739211049
ch.1_405,25.0,0.30952380952380953
ch.1_406,31.0,0.42582003277106106
ch.1_407,3.0,0.183150203156622
ch.1_408,4.0,1.0
ch.1_409,2.0,1.0
ch.1_41,0.0,1.0
ch.1_410,0.0,1.0
ch.1_411,23.0,0.48484848484848486
ch.1_412,30.0,0.5224458272016163
ch.1_41,1.0,0.6666666666666666
ch.1_414,1.0,0.6666666666666666
ch.1_415,12.0,1.0
ch.1_416,0.0,1.0
ch.1_417,1.0,0.6666666666666666
ch.1_418,12.0,1.0
ch.1_419,4.0,1.0
ch.1_42,1.0,0.6666666666666666
ch.1_420,20.0,0.15079365079365079
ch.1_421,4.0,1.0
ch.1_422,25.0,0.30952380952380953
ch.1_42,6.0,0.6631172453203822
ch.1_424,12.0,0.34285714285714286
ch.1_425,2.0,1.0
ch.1_426,6.0,0.7
ch.1_427,2.0,1.0
ch.1_428,2.0,1.0
ch.1_429,12.0,1.0
ch.1_4,5.0,0.03758071068136463
ch.1_430,5.0,1.0
ch.1_431,2.0,0.37582508748869836
ch.1_432,25.0,0.30952380952380953
ch.1_4,4.0,1.0
ch.1_434,14.0,0.05895375048299165
ch.1_435,19.0,0.5206030654464362
ch.1_436,1.0,0.6666666666666666
ch.1_437,348.0,3.2478694232721126e-12
ch.1_438,6.0,0.7
ch.1_439,18.0,0.43821080248252353
ch.1_44,0.0,1.0
ch.1_440,27.0,0.08200224289253047
ch.1_441,4.0,1.0
ch.1_442,28.0,0.7111541697294341
ch.1_44,4.0,1.0
ch.1_444,6.0,0.6631172453203822
ch.1_445,9.0,0.8857142857142857
ch.1_446,3.0,0.7
ch.1_447,10.0,0.6857142857142857
ch.1_448,246.0,3.094293429771666e-07
ch.1_449,6.0,0.661196707936934
ch.1_45,2.0,1.0
ch.1_450,32.0,1.0
ch.1_451,126.0,0.04269660866662048
ch.1_452,12.0,0.30052231149547204
ch.1_45,6.0,0.7
ch.1_454,4.0,1.0
ch.1_455,6.0,0.7
ch.1_456,2.0,1.0
ch.1_457,7.0,0.2903468336607644
ch.1_458,50.0,0.06495726495726495
ch.1_459,6.0,0.7
ch.1_46,0.0,1.0
ch.1_460,2.0,1.0
ch.1_461,4.0,1.0
ch.1_462,12.0,0.1164240425456285
ch.1_46,0.0,1.0
ch.1_464,1.0,0.6666666666666666
ch.1_465,370.0,2.917782546658274e-12
ch.1_466,2.0,0.37582508748869836
ch.1_467,46.0,0.7910295772981756
ch.1_468,17.0,0.9360746770666198
ch.1_469,1.0,0.6666666666666666
ch.1_47,0.0,1.0
ch.1_470,18.0,0.43821080248252353
ch.1_471,54.0,0.6918490919945252
ch.1_472,18.0,0.4376954999610094
ch.1_47,7.0,0.8857142857142857
ch.1_474,42.0,0.31663929919603084
ch.1_475,20.0,0.8098548786049068
ch.1_476,6.0,0.7
ch.1_477,54.0,0.790255595904855
ch.1_478,3.0,0.183150203156622
ch.1_479,0.0,1.0
ch.1_48,0.0,1.0
ch.1_480,12.0,1.0
ch.1_481,2.0,1.0
ch.1_482,9.0,0.8857142857142857
ch.1_48,4.0,1.0
ch.1_484,8.0,1.0
ch.1_485,56.0,0.7915434972756054
ch.1_486,59.0,0.19314737380333513
ch.1_487,2.0,1.0
ch.1_488,1.0,0.6666666666666666
ch.1_489,45.0,0.7326643396315113
ch.1_49,2.0,1.0
ch.1_490,0.0,0.007494957516935239
ch.1_491,8.0,1.0
ch.1_492,11.0,0.834035229790992
ch.1_49,3.0,0.7
ch.1_494,17.0,0.36577215340278635
ch.1_495,24.0,1.0
ch.1_496,2.0,1.0
ch.1_497,14.0,0.018019464415734453
ch.1_498,10.0,0.2215094893534757
ch.1_499,1.0,0.6666666666666666
ch.1_5,17.0,0.36577215340278635
ch.1_50,7.0,0.8857142857142857
ch.1_500,5.0,1.0
ch.1_501,63.0,0.3437955671877265
ch.1_502,25.0,0.30952380952380953
ch.1_50,12.0,1.0
ch.1_504,0.0,1.0
ch.1_505,22.0,0.10172190603816625
ch.1_506,48.0,0.42556583393795266
ch.1_507,80.0,0.023744197262240894
ch.1_508,2.0,1.0
ch.1_509,35.0,0.20862470862470864
ch.1_51,2.0,0.37582508748869836
ch.1_510,2.0,0.37582508748869836
ch.1_511,6.0,0.7
ch.1_512,144.0,0.0007964775031960545
ch.1_51,0.0,1.0
ch.1_514,46.0,0.1605283605283605
ch.1_515,27.0,0.08224267002350609
ch.1_516,2.0,0.37582508748869836
ch.1_517,7.0,0.8857142857142857
ch.1_518,2.0,1.0
ch.1_519,23.0,0.8978793628060826
ch.1_52,2.0,0.37582508748869836
ch.1_520,0.0,0.007494957516935239
ch.1_521,0.0,1.0
ch.1_522,17.0,0.42063492063492064
ch.1_52,140.0,2.1077096382133755e-09
ch.1_524,4.0,1.0
ch.1_525,3.0,0.183150203156622
ch.1_526,24.0,0.0488924368087509
ch.1_527,1.0,0.6666666666666666
ch.1_528,5.0,0.46782507728497025
ch.1_529,20.0,0.6076975811301096
ch.1_5,4.0,1.0
ch.1_530,0.0,1.0
ch.1_531,10.0,0.2215094893534757
ch.1_532,77.0,0.7940468815964143
ch.1_5,16.0,0.5476190476190477
ch.1_534,13.0,0.15524898789660235
ch.1_535,15.0,0.02295107969988686
ch.1_536,6.0,0.6631172453203822
ch.1_537,6.0,0.7
ch.1_538,6.0,0.6631172453203822
ch.1_539,15.0,0.6904761904761905
ch.1_54,2.0,0.4
ch.1_540,2.0,0.37582508748869836
ch.1_541,2.0,1.0
ch.1_542,18.0,0.1498118678116155
ch.1_54,14.0,0.05836421594446627
ch.1_544,0.0,1.0
ch.1_545,9.0,0.5296192990034517
ch.1_546,6.0,0.7
ch.1_547,0.0,1.0
ch.1_548,13.0,0.46804160590041655
ch.1_549,14.0,0.01795648126137658
ch.1_55,6.0,0.6631172453203822
ch.1_550,6.0,0.01667166927900365
ch.1_551,0.0,1.0
ch.1_552,1.0,0.6666666666666666
ch.1_55,2.0,1.0
ch.1_554,0.0,0.06360256962075367
ch.1_555,52.0,1.2858366850280069e-08
ch.1_556,1.0,0.6666666666666666
ch.1_557,4.0,1.0
ch.1_558,2.0,1.0
ch.1_559,2.0,1.0
ch.1_56,2.0,1.0
ch.1_560,15.0,0.6863110758915425
ch.1_561,0.0,1.0
ch.1_562,2.0,0.11428571428571428
ch.1_56,36.0,0.722555580225112
ch.1_564,0.0,0.0010575750839325214
ch.1_565,1.0,0.6666666666666666
ch.1_566,0.0,0.021070570134378658
ch.1_567,12.0,1.0
ch.1_568,3.0,0.183150203156622
ch.1_569,18.0,5.606258143987374e-07
ch.1_57,5.0,0.03758071068136463
ch.1_570,8.0,0.39761475195653073
ch.1_571,0.0,0.22067136191984682
ch.1_572,9.0,0.8857142857142857
ch.1_57,2.0,1.0
ch.1_574,9.0,0.8857142857142857
ch.1_575,0.0,0.021070570134378658
ch.1_576,10.0,0.2215094893534757
ch.1_577,17.0,0.3652328515425507
ch.1_578,1.0,0.6666666666666666
ch.1_579,84.0,0.012015281401430315
ch.1_58,2.0,1.0
ch.1_580,55.0,0.3341776665167997
ch.1_581,2.0,0.37582508748869836
ch.1_582,9.0,0.8857142857142857
ch.1_58,0.0,1.0
ch.1_584,11.0,0.4857142857142857
ch.1_585,128.0,0.5777055716132701
ch.1_586,4.0,1.0
ch.1_587,24.0,0.1494774959374417
ch.1_588,8.0,0.3961439091520741
ch.1_589,42.0,0.026223776223776224
ch.1_59,8.0,0.39761475195653073
ch.1_590,6.0,0.6631172453203822
ch.1_591,15.0,0.6868382188662738
ch.1_592,1.0,0.6666666666666666
ch.1_59,30.0,0.04348748474002212
ch.1_594,6.0,0.01667166927900365
ch.1_595,2.0,1.0
ch.1_596,1.0,0.6666666666666666
ch.1_597,2.0,1.0
ch.1_598,0.0,0.22067136191984682
ch.1_599,0.0,1.0
ch.1_6,2.0,1.0
ch.1_60,0.0,1.0
ch.1_600,268.0,9.693066936314599e-05
ch.1_601,2.0,0.37582508748869836
ch.1_602,18.0,0.013850428461940586
ch.1_60,28.0,0.7109480668548791
ch.1_604,12.0,0.1164240425456285
ch.1_605,4.0,1.0
ch.1_606,0.0,0.007494957516935239
ch.1_607,58.0,0.8948629470394764
ch.1_608,2.0,1.0
ch.1_609,6.0,0.7
ch.1_61,6.0,0.7
ch.1_62,36.0,0.012424085926549326
ch.1_6,2.0,1.0
ch.1_64,6.0,0.7
ch.1_65,6.0,0.661196707936934
ch.1_66,12.0,0.34285714285714286
ch.1_67,1.0,0.6666666666666666
ch.1_68,0.0,1.0
ch.1_69,0.0,1.0
ch.1_7,6.0,0.7
ch.1_70,9.0,0.8857142857142857
ch.1_71,1.0,0.6666666666666666
ch.1_72,6.0,0.6631172453203822
ch.1_7,1.0,0.6666666666666666
ch.1_74,16.0,0.5296192990034517
ch.1_75,0.0,1.0
ch.1_76,2.0,0.37582508748869836
ch.1_77,1.0,0.6666666666666666
ch.1_78,2.0,1.0
ch.1_79,1.0,0.6666666666666666
ch.1_8,0.0,1.0
ch.1_80,0.0,1.0
ch.1_81,0.0,1.0
ch.1_82,1.0,0.6666666666666666
ch.1_8,1.0,0.6666666666666666
ch.1_84,2.0,0.37582508748869836
ch.1_85,1.0,0.6666666666666666
ch.1_86,42.0,0.32820512820512815
ch.1_87,9.0,0.8857142857142857
ch.1_88,0.0,1.0
ch.1_89,2.0,1.0
ch.1_9,10.0,0.6857142857142857
ch.1_90,1.0,0.6666666666666666
ch.1_91,0.0,1.0
ch.1_92,17.0,0.36577215340278635
ch.1_9,0.0,1.0
ch.1_94,5.0,1.0
ch.1_95,3.0,0.7
ch.1_96,0.0,1.0
ch.1_97,38.0,0.000671370255321292
ch.1_98,2.0,1.0
ch.1_99,3.0,0.6579050194284821
ch.2_0,8.0,1.0
ch.2_1,10.0,0.6857142857142857
ch.2_10,13.0,1.0
ch.2_100,33.0,0.31759906759906764
ch.2_101,3.0,0.7
ch.2_102,36.0,0.7224167999031418
ch.2_10,19.0,0.5224458272016163
ch.2_104,30.0,0.8744592481051268
ch.2_105,35.0,0.792746526993248
ch.2_106,52.0,0.331387096247615
ch.2_107,6.0,0.6857142857142857
ch.2_108,12.0,0.3751171348317355
ch.2_109,0.0,0.3333333333333333
ch.2_11,14.0,0.834035229790992
ch.2_110,6.0,0.6631172453203822
ch.2_111,29.0,0.6088863050232023
ch.2_112,17.0,0.12189278400942014
ch.2_11,52.0,0.3311374592689704
ch.2_114,35.0,0.6570148787268155
ch.2_115,0.0,0.3333333333333333
ch.2_116,41.0,0.5189473567568308
ch.2_117,10.0,0.6751736149271245
ch.2_118,52.0,0.03344332114762583
ch.2_119,57.0,0.622652636570054
ch.2_12,9.0,0.8857142857142857
ch.2_120,92.0,0.17701243591182136
ch.2_121,2.0,1.0
ch.2_122,120.0,0.4040226174054251
ch.2_12,90.0,0.7972607881500808
ch.2_124,9.0,0.8857142857142857
ch.2_125,106.0,0.2811030649495777
ch.2_126,7.0,0.8857142857142857
ch.2_127,40.0,0.46931523421297117
ch.2_128,124.0,0.48806617082697046
ch.2_129,17.0,0.011044359528981878
ch.2_1,2.0,1.0
ch.2_130,25.0,1.0
ch.2_131,12.0,1.0
ch.2_132,12.0,1.0
ch.2_1,19.0,0.9372294372294373
ch.2_134,20.0,0.8181818181818182
ch.2_135,8.0,1.0
ch.2_136,16.0,0.8098548786049068
ch.2_137,22.0,0.5887445887445888
ch.2_138,0.0,0.3333333333333333
ch.2_139,5.0,1.0
ch.2_14,8.0,1.0
ch.2_140,3.0,0.7
ch.2_141,9.0,0.8857142857142857
ch.2_142,24.0,1.0
ch.2_14,59.0,0.9474814093785361
ch.2_144,118.0,0.06529275363243328
ch.2_145,6.0,0.6857142857142857
ch.2_146,6.0,0.6857142857142857
ch.2_147,190.0,0.09865040746484968
ch.2_148,16.0,0.8095268319140044
ch.2_149,7.0,0.8857142857142857
ch.2_15,36.0,0.7129894874507409
ch.2_150,2.0,1.0
ch.2_151,8.0,1.0
ch.2_152,28.0,0.2832724225778098
ch.2_15,9.0,0.5296192990034517
ch.2_154,23.0,0.48484848484848486
ch.2_155,34.0,0.25932400932400934
ch.2_156,7.0,0.8857142857142857
ch.2_157,45.0,0.3192487219501704
ch.2_158,1.0,0.6666666666666666
ch.2_159,258.0,0.7147644533873693
ch.2_16,63.0,0.8953967262243601
ch.2_160,37.0,0.6360055414356227
ch.2_161,28.0,0.7011653274181554
ch.2_162,69.0,0.1613408224336783
ch.2_16,21.0,0.7002210569408949
ch.2_164,42.0,0.3180689668505534
ch.2_165,25.0,1.0
ch.2_166,12.0,0.3751171348317355
ch.2_167,8.0,1.0
ch.2_168,37.0,0.3410478297090864
ch.2_169,29.0,0.32887874095967495
ch.2_17,2.0,1.0
ch.2_170,593.0,2.1899466328520688e-10
ch.2_171,17.0,0.9372294372294373
ch.2_172,32.0,0.019129526226175756
ch.2_17,24.0,0.3939393939393939
ch.2_174,40.0,1.0
ch.2_175,4.0,0.30942406036465897
ch.2_176,28.0,0.7103729603729605
ch.2_177,53.0,0.2816784684875846
ch.2_178,21.0,0.08747186954080528
ch.2_179,32.0,0.47901989232641196
ch.2_18,3.0,0.7
ch.2_180,16.0,0.5476190476190477
ch.2_181,3.0,0.7
ch.2_182,9.0,0.8857142857142857
ch.2_18,182.0,0.2021383485885654
ch.2_184,331.0,0.07559899193466045
ch.2_185,68.0,0.8390990647431463
ch.2_186,90.0,0.7971926967489027
ch.2_187,8.0,1.0
ch.2_188,50.0,0.42677673653298365
ch.2_189,17.0,0.3705670479246522
ch.2_19,39.0,0.5053613053613053
ch.2_190,11.0,0.8412698412698413
ch.2_191,4.0,0.08466977720597225
ch.2_192,19.0,0.9372294372294373
ch.2_19,6.0,0.6857142857142857
ch.2_194,15.0,0.6884038632756921
ch.2_195,21.0,0.7011653274181554
ch.2_196,20.0,0.8181818181818182
ch.2_197,15.0,0.24489964743590764
ch.2_198,3.0,0.7
ch.2_199,65.0,0.2723141220596529
ch.2_2,88.0,0.8773141934901374
ch.2_20,35.0,0.7984459984459983
ch.2_200,46.0,0.04780933027395558
ch.2_201,28.0,0.7103729603729605
ch.2_202,49.0,0.4797019324076398
ch.2_20,20.0,0.8098548786049068
ch.2_204,113.0,0.5815972141215217
ch.2_205,3.0,0.7
ch.2_206,60.0,0.2138901262477303
ch.2_207,21.0,0.7002210569408949
ch.2_208,4.0,1.0
ch.2_209,46.0,0.3531321196630566
ch.2_21,4.0,1.0
ch.2_210,3.0,0.7
ch.2_211,49.0,0.9697131001162003
ch.2_212,240.0,0.9717414188650305
ch.2_21,412.0,6.533123995617226e-09
ch.2_214,19.0,0.9360746770666198
ch.2_215,6.0,0.20309178757716784
ch.2_216,77.0,0.7179469261202932
ch.2_217,5.0,0.46782507728497025
ch.2_218,0.0,0.3333333333333333
ch.2_219,1.0,0.6666666666666666
ch.2_22,10.0,0.6631172453203822
ch.2_220,66.0,0.05175959877469683
ch.2_221,26.0,0.8982154826854546
ch.2_222,138.0,0.0005117893052855319
ch.2_22,109.0,0.09178456265154555
ch.2_224,3.0,0.7
ch.2_225,11.0,0.8412698412698413
ch.2_226,4.0,0.34285714285714286
ch.2_227,213.0,0.1185815152923452
ch.2_228,337.0,0.04103579176057359
ch.2_229,16.0,0.8098548786049068
ch.2_2,10.0,0.6857142857142857
ch.2_230,14.0,0.5745038102346656
ch.2_231,7.0,0.8857142857142857
ch.2_232,54.0,0.11715177940122544
ch.2_2,30.0,0.8743670611628918
ch.2_234,42.0,0.567676810471768
ch.2_235,62.0,0.25455252623024494
ch.2_236,4.0,0.30942406036465897
ch.2_237,44.0,0.6764349997242503
ch.2_238,32.0,0.061630824793509155
ch.2_239,12.0,1.0
ch.2_24,17.0,0.42063492063492064
ch.2_240,94.0,0.6437882134308215
ch.2_241,40.0,0.4691455493177705
ch.2_242,20.0,0.8181818181818182
ch.2_24,6.0,0.20450053332564166
ch.2_244,24.0,1.0
ch.2_245,12.0,1.0
ch.2_246,13.0,1.0
ch.2_247,48.0,0.9093820403719205
ch.2_248,12.0,1.0
ch.2_249,49.0,0.4797019324076398
ch.2_25,23.0,0.47039300443864773
ch.2_250,55.0,0.047009362027170355
ch.2_251,55.0,0.1312296096535675
ch.2_252,1.0,0.1840386271964254
ch.2_25,37.0,0.7906590233530115
ch.2_254,0.0,0.3333333333333333
ch.2_255,33.0,0.2060456405245371
ch.2_256,1.0,0.1840386271964254
ch.2_257,406.0,3.938227953514253e-06
ch.2_258,38.0,0.005094481921836121
ch.2_259,64.0,0.3071254747827329
ch.2_26,24.0,1.0
ch.2_260,16.0,0.8085324114919136
ch.2_261,30.0,0.534965034965035
ch.2_262,16.0,0.3013119210149324
ch.2_26,31.0,0.9580911282267016
ch.2_264,58.0,0.5700245022172045
ch.2_265,43.0,0.2595302509623493
ch.2_266,42.0,0.9294547576259279
ch.2_267,15.0,0.6904761904761905
ch.2_268,8.0,1.0
ch.2_269,4.0,1.0
ch.2_27,6.0,0.6857142857142857
ch.2_270,15.0,0.6751736149271245
ch.2_271,6.0,0.6857142857142857
ch.2_272,31.0,0.95799832386793
ch.2_27,36.0,0.7129894874507409
ch.2_274,6.0,0.6857142857142857
ch.2_275,42.0,0.3180689668505534
ch.2_276,10.0,0.06700777475427472
ch.2_277,51.0,0.9696785886201157
ch.2_278,8.0,1.0
ch.2_279,19.0,0.9372294372294373
ch.2_28,9.0,0.17046586501309957
ch.2_280,20.0,0.6076975811301096
ch.2_281,174.0,0.1092071336753302
ch.2_282,5.0,0.46782507728497025
ch.2_28,15.0,0.24489964743590764
ch.2_284,5.0,0.4857142857142857
ch.2_285,17.0,0.9372294372294373
ch.2_286,6.0,0.6857142857142857
ch.2_287,20.0,0.8181818181818182
ch.2_288,12.0,1.0
ch.2_289,71.0,0.03109440042462836
ch.2_29,2.0,0.4
ch.2_290,29.0,0.6088863050232023
ch.2_291,39.0,0.42367207100291315
ch.2_292,12.0,1.0
ch.2_29,39.0,0.42384904258967304
ch.2_294,41.0,0.20748453617108886
ch.2_295,37.0,0.34215086635386227
ch.2_296,9.0,0.5296192990034517
ch.2_297,3.0,0.7
ch.2_298,9.0,0.5296192990034517
ch.2_299,0.0,0.3333333333333333
ch.2_,14.0,0.8412698412698413
ch.2_30,3.0,0.7
ch.2_300,20.0,0.8181818181818182
ch.2_301,20.0,0.6088863050232023
ch.2_302,4.0,0.30942406036465897
ch.2_30,6.0,0.6857142857142857
ch.2_304,103.0,0.7071457070167904
ch.2_305,3.0,0.7
ch.2_306,16.0,0.5476190476190477
ch.2_307,47.0,0.5960519337626051
ch.2_308,191.0,9.850524905896278e-09
ch.2_309,4.0,0.30942406036465897
ch.2_31,13.0,1.0
ch.2_310,9.0,0.5476190476190477
ch.2_311,18.0,1.0
ch.2_312,20.0,0.8181818181818182
ch.2_31,33.0,0.9580911282267016
ch.2_314,65.0,0.32511857328526295
ch.2_315,6.0,0.6857142857142857
ch.2_316,8.0,1.0
ch.2_317,91.0,0.06300026021761736
ch.2_318,33.0,0.53416963600572
ch.2_319,35.0,0.6570148787268155
ch.2_32,17.0,0.42063492063492064
ch.2_320,16.0,0.8181818181818182
ch.2_321,36.0,0.7129894874507409
ch.2_322,25.0,1.0
ch.2_32,70.0,0.9306254519444669
ch.2_324,31.0,0.9579672518055619
ch.2_325,41.0,1.0
ch.2_326,15.0,0.6904761904761905
ch.2_327,590.0,4.8063826099717595e-34
ch.2_328,195.0,0.0527143558906067
ch.2_329,18.0,0.4412736981699784
ch.2_,4.0,1.0
ch.2_330,12.0,1.0
ch.2_331,24.0,0.42747852195083313
ch.2_332,32.0,0.1797031451894049
ch.2_,56.0,0.18509940741248154
ch.2_334,21.0,0.08730237656936096
ch.2_335,136.0,0.011470769217848337
ch.2_336,1.0,0.6666666666666666
ch.2_337,20.0,0.6076975811301096
ch.2_338,16.0,0.8098548786049068
ch.2_339,9.0,0.5296192990034517
ch.2_34,77.0,0.7945312270031886
ch.2_35,16.0,0.8098548786049068
ch.2_36,53.0,0.28931483238198774
ch.2_37,132.0,0.34679966910155
ch.2_38,37.0,0.6362542681663956
ch.2_39,16.0,0.8098548786049068
ch.2_4,30.0,0.534965034965035
ch.2_40,5.0,0.4857142857142857
ch.2_41,39.0,0.9294547576259279
ch.2_42,21.0,0.7103729603729605
ch.2_4,79.0,0.7964046829857617
ch.2_44,16.0,0.8095268319140044
ch.2_45,38.0,0.8594599092741662
ch.2_46,12.0,0.3742687643618553
ch.2_47,2.0,0.4
ch.2_48,1.0,0.6666666666666666
ch.2_49,6.0,0.6631172453203822
ch.2_5,14.0,0.8412698412698413
ch.2_50,6.0,0.6857142857142857
ch.2_51,17.0,0.9372294372294373
ch.2_52,62.0,0.3844942826161789
ch.2_5,1.0,0.6666666666666666
ch.2_54,28.0,0.2842893298762187
ch.2_55,26.0,0.5629489736740951
ch.2_56,16.0,0.8181818181818182
ch.2_57,18.0,0.1498118678116155
ch.2_58,15.0,0.6904761904761905
ch.2_59,12.0,1.0
ch.2_6,15.0,0.6884038632756921
ch.2_60,29.0,0.7922976624962125
ch.2_61,26.0,0.8977665807050101
ch.2_62,6.0,0.7
ch.2_6,17.0,0.9360746770666198
ch.2_64,37.0,0.7909761303269929
ch.2_65,8.0,1.0
ch.2_66,35.0,0.792746526993248
ch.2_67,89.0,0.0021317351720692543
ch.2_68,10.0,0.6857142857142857
ch.2_69,11.0,0.8412698412698413
ch.2_7,16.0,0.8098548786049068
ch.2_70,63.0,0.34434119233838356
ch.2_71,20.0,0.8181818181818182
ch.2_72,54.0,0.6918490919945252
ch.2_7,13.0,1.0
ch.2_74,77.0,0.7944873367169445
ch.2_75,11.0,0.2945516289943739
ch.2_76,41.0,0.5187889558974479
ch.2_77,16.0,0.8098548786049068
ch.2_78,38.0,0.5737373737373737
ch.2_79,64.0,0.30730753272470834
ch.2_8,20.0,0.6084912612259614
ch.2_80,14.0,0.8412698412698413
ch.2_81,8.0,0.0387107695937524
ch.2_82,119.0,0.3455027068869341
ch.2_8,30.0,0.534965034965035
ch.2_84,42.0,0.9294912236938482
ch.2_85,11.0,0.834035229790992
ch.2_86,10.0,0.6904761904761905
ch.2_87,9.0,0.5296192990034517
ch.2_88,8.0,1.0
ch.2_89,104.0,0.8004371191037712
ch.2_9,13.0,0.48484848484848486
ch.2_90,33.0,0.20622085275143165
ch.2_91,672.0,1.514817878346998e-18
ch.2_92,0.0,0.3333333333333333
ch.2_9,5.0,0.4857142857142857
ch.2_94,30.0,0.013419690800591102
ch.2_95,18.0,1.0
ch.2_96,10.0,0.06732244106693766
ch.2_97,30.0,0.37449952662613784
ch.2_98,20.0,0.8181818181818182
ch.2_99,50.0,0.5088828153535194
ch.3_0,25.0,0.4935627897033893
ch.3_1,4.0,0.34285714285714286
ch.3_10,17.0,0.9372294372294373
ch.3_11,155.0,0.31746884476039905
ch.3_12,10.0,0.6904761904761905
ch.3_1,5.0,0.4857142857142857
ch.3_14,82.0,0.21045784827567082
ch.3_15,85.0,0.25820282032078856
ch.3_16,27.0,0.6453768453768453
ch.3_17,16.0,0.8181818181818182
ch.3_18,5.0,1.0
ch.3_19,16.0,0.8181818181818182
ch.3_2,16.0,0.8098548786049068
ch.3_20,18.0,1.0
ch.3_21,27.0,0.6355065570939342
ch.3_22,11.0,0.8412698412698413
ch.3_2,118.0,0.83530726185541
ch.3_24,60.0,0.21396997265029016
ch.3_25,143.0,0.27854657787483483
ch.3_26,1.0,0.2
ch.3_27,40.0,0.06391077065937639
ch.3_28,58.0,0.8952197041637666
ch.3_29,46.0,0.7909525644058977
ch.3_,98.0,0.5048393941263666
ch.3_30,17.0,0.3705670479246522
ch.3_31,18.0,0.4412736981699784
ch.3_32,52.0,0.9095864090443472
ch.3_,38.0,0.5632366271431426
ch.3_34,12.0,1.0
ch.3_35,223.0,0.9597337482942776
ch.3_36,234.0,4.281679818286815e-05
ch.3_37,19.0,0.9372294372294373
ch.3_38,530.0,0.0033951358452377093
ch.3_39,33.0,0.9580911282267016
ch.3_4,5.0,0.4857142857142857
ch.3_40,32.0,1.0
ch.3_41,42.0,0.32820512820512815
ch.3_42,55.0,0.741891555059897
ch.3_4,8.0,0.42063492063492064
ch.3_44,120.0,0.7710306017717425
ch.3_45,131.0,0.9246844250689283
ch.3_46,25.0,1.0
ch.3_47,97.0,0.9816182521640124
ch.3_48,23.0,0.9015151515151516
ch.3_49,28.0,0.7121781172552228
ch.3_5,29.0,0.3303869554490739
ch.3_50,29.0,0.11982390121042867
ch.3_51,24.0,0.15339420681209628
ch.3_52,20.0,0.6088863050232023
ch.3_5,4.0,0.34285714285714286
ch.3_54,7.0,0.8857142857142857
ch.3_55,41.0,1.0
ch.3_56,25.0,1.0
ch.3_57,28.0,0.09902206428960078
ch.3_58,20.0,0.6088863050232023
ch.3_59,85.0,0.5646663424711061
ch.3_6,43.0,0.8597475663409357
ch.3_60,37.0,0.7906590233530115
ch.3_61,48.0,0.42940264315251686
ch.3_62,26.0,0.21135521561764037
ch.3_6,55.0,0.33707535284243706
ch.3_64,47.0,0.39047750002165416
ch.3_65,46.0,0.7909525644058977
ch.3_66,6.0,0.20869044313696405
ch.3_67,67.0,0.6931769288236429
ch.3_68,90.0,0.3121109443096245
ch.3_69,46.0,0.13600549247713586
ch.3_7,36.0,0.7239320396139757
ch.3_70,48.0,0.1693762572556805
ch.3_71,17.0,0.36898040905566154
ch.3_72,0.0,0.1
ch.3_7,17.0,0.9360746770666198
ch.3_74,227.0,0.4726487443958296
ch.3_75,54.0,0.3075414489925965
ch.3_76,15.0,0.6884038632756921
ch.3_77,186.0,0.456565648933818
ch.3_78,13.0,1.0
ch.3_79,32.0,0.061630824793509155
ch.3_8,72.0,1.0
ch.3_80,23.0,0.48484848484848486
ch.3_81,21.0,0.027719200724510198
ch.3_82,25.0,0.4935627897033893
ch.3_8,9.0,0.5296192990034517
ch.3_84,85.0,1.0
ch.3_9,28.0,0.7103729603729605
ch.4_0,28.0,0.7129894874507409
ch.4_1,19.0,0.5224458272016163
ch.4_2,64.0,0.8437443061832561
ch.4_,54.0,0.7912601064031788
ch.4_4,35.0,0.7984459984459983
ch.4_5,46.0,0.7910295772981756
ch.4_6,74.0,0.6068445953577951
ch.4_7,150.0,0.07613029765912549
ch.4_8,9.0,0.5476190476190477
ch.4_9,46.0,0.3552024022348377
