ch.1_0,1,1.0,0.999971204778525,2.8795221475030885e-05
ch.1_1,3,5.253467885789608e-05,0.0,5.253467885789608e-05
ch.1_1,3,1.9103519584689486e-05,0.0,1.9103519584689486e-05
ch.1_1,3,0.9999283618015574,0.9988502694767907,0.001078092324766744
ch.1_10,3,1.0976210435906478e-05,0.0,1.0976210435906478e-05
ch.1_10,3,0.001085272806850253,0.0013050503469634609,-0.00021977754011320784
ch.1_10,3,0.9989037509827139,0.9964391144507897,0.0024646365319241914
ch.1_101,3,6.82592691821345e-06,2.3320701587381758e-05,-1.6494774669168306e-05
ch.1_101,3,0.999984641664434,0.9632956356455055,0.03668900601892855
ch.1_101,3,8.532408647766813e-06,0.005589940295808281,-0.005581407887160514
ch.1_102,3,8.094107489747464e-06,0.00043627956003868267,-0.0004281854525489352
ch.1_102,3,0.9999838117850205,0.9878070903577201,0.012176721427300419
ch.1_102,3,8.094107489747464e-06,4.604681240774659e-07,7.633639365669998e-06
ch.1_10,1,1.0,0.9655738649352048,0.034426135064795194
ch.1_106,3,0.9996849091159732,0.9670415805090409,0.03264332860693231
ch.1_106,3,0.00025601134327182497,0.004755905977657905,-0.00449989463438608
ch.1_106,3,5.907954075503653e-05,0.0049888929832989275,-0.004929813442543891
ch.1_107,2,0.0001254731382923106,0.0006907606787337331,-0.0005652875404414224
ch.1_107,2,0.9998745268617076,0.6391677618896557,0.3607067649720519
ch.1_108,3,0.0013748125743795084,0.0,0.0013748125743795084
ch.1_108,3,2.1481446474679818e-05,0.15301615840236948,-0.1529946769558948
ch.1_108,3,0.9986037059791458,0.52250037224242,0.47610333373672586
ch.1_109,2,0.0005097939256093018,0.007299614400268651,-0.006789820474659349
ch.1_109,2,0.9994902060743907,0.9719247837778254,0.027565422296565223
ch.1_110,2,0.0001182414274965065,0.11418472037495302,-0.11406647894745651
ch.1_110,2,0.9998817585725035,0.6157162635023433,0.3841654950701602
ch.1_111,1,1.0,0.9676979499993807,0.03230205000061925
ch.1_112,1,1.0,0.9970448628014383,0.0029551371985616637
ch.1_115,2,0.0022332588913702876,0.011760133523479856,-0.009526874632109567
ch.1_115,2,0.9977667411086297,0.977615456744106,0.020151284364523736
ch.1_116,2,0.9999129318038353,0.9119286266197799,0.08798430518405542
ch.1_116,2,8.706819616464596e-05,0.022754521542785996,-0.02266745334662135
ch.1_117,2,0.9999783472745308,0.8874530823615226,0.11252526491300818
ch.1_117,2,2.1652725469153662e-05,0.0,2.1652725469153662e-05
ch.1_119,3,0.849361367655728,0.29989624750942434,0.5494651201463037
ch.1_119,3,0.0007467085871487523,0.0,0.0007467085871487523
ch.1_119,3,0.1498919237571232,0.0,0.1498919237571232
ch.1_12,1,1.0,0.9348320336928577,0.06516796630714228
ch.1_122,3,0.0013559322033898306,0.01293039791138008,-0.01157446570799025
ch.1_122,3,0.9871864406779661,0.9808433258016782,0.006343114876287914
ch.1_122,3,0.011457627118644068,0.0,0.011457627118644068
ch.1_12,3,0.0003604160230666255,0.003711013061753222,-0.0033505970386865963
ch.1_12,3,0.0006178560395427865,0.016765081545125966,-0.01614722550558318
ch.1_12,3,0.9990217279373906,0.9737112559297048,0.02531047200768588
ch.1_125,2,0.0005513952926596158,0.0,0.0005513952926596158
ch.1_125,2,0.9994486047073404,0.9818295645508671,0.01761904015647331
ch.1_126,1,1.0,0.986192595498585,0.013807404501415044
ch.1_127,2,0.9998022125819169,0.945480022884843,0.05432218969707392
ch.1_127,2,0.00019778741808304434,8.936787322780254e-05,0.0001084195448552418
ch.1_128,3,0.000138644976430354,8.431783263936066e-06,0.00013021319316641793
ch.1_128,3,0.0,0.0,0.0
ch.1_128,3,0.9998613550235697,0.9694099239275478,0.030451431096021886
ch.1_129,3,0.006582692855109593,0.006018369919061533,0.0005643229360480602
ch.1_129,3,0.9904639908909764,0.7793475464314639,0.2111164444595125
ch.1_129,3,0.0029533162539140336,0.1947122255766421,-0.19175890932272807
ch.1_1,3,0.9998842219300205,0.9922286048845389,0.007655617045481566
ch.1_1,3,5.788903498978672e-05,0.0,5.788903498978672e-05
ch.1_1,3,5.788903498978672e-05,0.0,5.788903498978672e-05
ch.1_130,1,1.0,0.9890496405951699,0.010950359404830134
ch.1_131,1,1.0,0.9899424592704664,0.010057540729533576
ch.1_132,2,0.9999329466590673,0.9303280978231534,0.06960484883591389
ch.1_132,2,6.705334093271198e-05,0.02661637029760175,-0.026549316956669036
ch.1_134,2,0.9998174071819842,0.8559294711229186,0.14388793605906558
ch.1_134,2,0.0001825928180158247,0.0,0.0001825928180158247
ch.1_135,1,1.0,0.5137106317299358,0.4862893682700642
ch.1_136,3,0.9976824283001255,0.9569917570474923,0.04069067125263326
ch.1_136,3,0.00016094247915794896,0.0064977082037724395,-0.00633676572461449
ch.1_136,3,0.002156629220716516,0.0035163184083253887,-0.0013596891876088727
ch.1_139,2,0.9946076028343509,0.9489353977346704,0.04567220509968051
ch.1_139,2,0.005392397165649093,0.0019401099380315042,0.0034522872276175885
ch.1_142,3,0.0008720735225062051,0.013545192106606135,-0.012673118584099929
ch.1_142,3,0.009190313275642315,0.04620911007189748,-0.037018796796255166
ch.1_142,3,0.9899376132018515,0.8901309899454767,0.0998066232563748
ch.1_14,2,0.00604937598779225,0.02622867971440918,-0.02017930372661693
ch.1_14,2,0.9939506240122078,0.42587653484369287,0.568074089168515
ch.1_144,1,1.0,0.9840539772446036,0.01594602275539636
ch.1_145,1,1.0,0.6623359562771137,0.3376640437228863
ch.1_148,2,0.990867288626638,0.9909253702773039,-5.8081650665897655e-05
ch.1_148,2,0.00913271137336204,1.1877164032563854e-06,0.009131523656958783
ch.1_15,1,1.0,0.9911910073431103,0.008808992656889725
ch.1_152,2,0.0003224766204450177,0.0035282467026365866,-0.003205770082191569
ch.1_152,2,0.999677523379555,0.44170954303010723,0.5579679803494477
ch.1_154,1,1.0,0.8394424822594097,0.16055751774059035
ch.1_155,2,0.0006227724629525417,0.0025934944588218195,-0.0019707219958692776
ch.1_155,2,0.9993772275370475,0.972987897644016,0.026389329893031443
ch.1_157,1,1.0,0.9253418963186508,0.07465810368134917
ch.1_158,3,0.00042983977351890556,0.0,0.00042983977351890556
ch.1_158,3,0.9995256940430136,0.9765132655311469,0.02301242851186669
ch.1_158,3,4.446618346747299e-05,0.0005632261689602858,-0.0005187599854928127
ch.1_16,1,1.0,0.9927427879315763,0.0072572120684236685
ch.1_162,2,0.00043094840181208546,2.428920419219491e-05,0.00040665919761989053
ch.1_162,2,0.9995690515981879,0.9497027198019965,0.04986633179619138
ch.1_164,3,0.002362480312664061,0.003498818568390943,-0.0011363382557268821
ch.1_164,3,0.7420813159890334,0.38316293684753383,0.35891837914149954
ch.1_164,3,0.2555562036983025,0.0,0.2555562036983025
ch.1_166,2,0.0027825025468874117,0.0027494946961319914,3.300785075542037e-05
ch.1_166,2,0.9972174974531126,0.8481661863612509,0.14905131109186176
ch.1_167,2,0.000904530877394951,0.0018438885671778352,-0.0009393576897828842
ch.1_167,2,0.999095469122605,0.6806676356978238,0.3184278334247812
ch.1_168,1,1.0,0.8944884608797362,0.10551153912026379
ch.1_17,2,0.8953555324574326,0.4278993966454419,0.4674561358119907
ch.1_17,2,0.10464446754256743,0.1483990685781653,-0.04375460103559786
ch.1_170,2,0.002240097749719988,0.0,0.002240097749719988
ch.1_170,2,0.99775990225028,0.4938647632111093,0.5038951390391707
ch.1_171,2,0.9998921522809793,0.7097829674173003,0.290109184863679
ch.1_171,2,0.00010784771902074271,0.010456338407269193,-0.01034849068824845
ch.1_172,2,8.23978884167795e-06,4.828617660157632e-05,-4.004638775989837e-05
ch.1_172,2,0.9999917602111583,0.7153481063104176,0.28464365390074076
ch.1_17,1,1.0,0.6378774083006665,0.3621225916993335
ch.1_174,1,1.0,0.42633550679797705,0.573664493202023
ch.1_175,2,0.0011391758651844287,0.14294009410099814,-0.14180091823581373
ch.1_175,2,0.9988608241348156,0.7720792152470827,0.2267816088877329
ch.1_177,2,0.9998044436421619,0.9191354966296417,0.08066894701252025
ch.1_177,2,0.00019555635783804925,0.0,0.00019555635783804925
ch.1_179,2,0.0005194985107709358,0.026279166565695705,-0.02575966805492477
ch.1_179,2,0.9994805014892291,0.868016584219791,0.13146391726943807
ch.1_18,1,1.0,0.9972495432048765,0.002750456795123535
ch.1_181,2,2.9684160531940157e-05,0.0003481142691555565,-0.00031843010862361637
ch.1_181,2,0.999970315839468,0.9592001597457751,0.040770156093692944
ch.1_182,2,0.9995675028278661,0.9181625999504321,0.08140490287743396
ch.1_182,2,0.0004324971721338745,0.0012553922979425083,-0.0008228951258086338
ch.1_184,3,4.670234725997329e-05,0.002473325653257021,-0.0024266233059970477
ch.1_184,3,0.999892584601302,0.7220260781806278,0.27786650642067423
ch.1_184,3,6.071305143796527e-05,0.006127930546862005,-0.006067217495424039
ch.1_185,3,0.001777993292116216,0.09237760638602506,-0.09059961309390885
ch.1_185,3,0.9978179173233119,0.8675366344008619,0.13028128292245
ch.1_185,3,0.0004040893845718673,0.0,0.0004040893845718673
ch.1_186,2,0.9980546721699709,0.34708748871445844,0.6509671834555124
ch.1_186,2,0.0019453278300290953,0.012326057941100805,-0.010380730111071709
ch.1_187,1,1.0,0.9182121222839595,0.08178787771604046
ch.1_188,1,1.0,0.9889694787083123,0.01103052129168769
ch.1_190,1,1.0,0.9867134289239348,0.013286571076065234
ch.1_192,2,8.41328551263395e-05,0.0,8.41328551263395e-05
ch.1_192,2,0.9999158671448737,0.8668933152348167,0.13302255191005696
ch.1_19,1,1.0,0.8334850896440066,0.16651491035599342
ch.1_196,3,0.0001462986442992295,0.0004746808026614409,-0.00032838215836221137
ch.1_196,3,0.9992197405637374,0.5005277411360735,0.49869199942766396
ch.1_196,3,0.0006339607919633279,1.8666615595446174e-05,0.0006152941763678816
ch.1_197,2,0.00024514210070437497,0.01812001779840643,-0.017874875697702054
ch.1_197,2,0.9997548578992956,0.6904381185718983,0.30931673932739734
ch.1_198,2,0.0007390376088027591,0.0024770392500251008,-0.0017380016412223416
ch.1_198,2,0.9992609623911972,0.9696651812557232,0.02959578113547401
ch.1_2,1,1.0,0.988785057248607,0.011214942751393009
ch.1_20,1,1.0,0.983161446620796,0.016838553379204035
ch.1_200,3,0.000982021453391751,0.0020915126209040437,-0.0011094911675122927
ch.1_200,3,0.9986402779876115,0.08748856454164336,0.9111517134459681
ch.1_200,3,0.0003777005589968273,0.01935606189262611,-0.018978361333629283
ch.1_201,2,0.999959894120478,0.45083235601157134,0.5491275381089067
ch.1_201,2,4.0105879521937915e-05,0.0,4.0105879521937915e-05
ch.1_202,1,1.0,0.8887464138890981,0.11125358611090186
ch.1_207,1,1.0,0.9610870875815618,0.038912912418438195
ch.1_208,2,0.9999442768326952,0.8966625171767441,0.1032817596559511
ch.1_208,2,5.5723167304829606e-05,0.009597388878852324,-0.009541665711547494
ch.1_209,3,6.485490875995253e-06,1.1209343488449e-05,-4.723852612453747e-06
ch.1_209,3,0.9998810993339401,0.8593576379690198,0.14052346136492033
ch.1_209,3,0.0001124151751839177,0.09101825184800123,-0.09090583667281732
ch.1_21,2,0.9917188501889521,0.9932048617589967,-0.0014860115700445764
ch.1_21,2,0.0082811498110479,0.0,0.0082811498110479
ch.1_210,3,0.9999312721074721,0.8837371208242063,0.11619415128326582
ch.1_210,3,1.3745578505580704e-05,0.0016351794648662766,-0.0016214338863606958
ch.1_210,3,5.498231402232282e-05,0.0012049687110070669,-0.001149986396984744
ch.1_211,1,1.0,0.8435171977545732,0.15648280224542677
ch.1_214,1,1.0,0.8533587682653243,0.1466412317346757
ch.1_217,3,0.0012957480585231904,0.0031168608025879565,-0.0018211127440647661
ch.1_217,3,0.00029175784099197665,0.000849133980253976,-0.0005573761392619993
ch.1_217,3,0.9984124941004848,0.8392187448484901,0.1591937492519947
ch.1_219,2,8.510783162266592e-05,0.3285822658086367,-0.328497157977014
ch.1_219,2,0.9999148921683774,0.4820829965967725,0.5178318955716048
ch.1_22,1,1.0,0.9670917124184453,0.03290828758155473
ch.1_224,2,0.9993373506450477,0.7485994340621379,0.2507379165829098
ch.1_224,2,0.0006626493549522685,0.0,0.0006626493549522685
ch.1_228,3,0.0004993342210386152,0.0001416950674053905,0.0003576391536332247
ch.1_228,3,0.00041611185086551264,0.004683310550939797,-0.004267198700074284
ch.1_228,3,0.9990845539280959,0.9518307899969983,0.04725376393109759
ch.1_229,1,1.0,0.9634519515473299,0.03654804845267012
ch.1_231,1,1.0,0.47072811373340995,0.52927188626659
ch.1_232,1,1.0,0.962736938213027,0.03726306178697303
ch.1_2,1,1.0,0.4381928272039863,0.5618071727960137
ch.1_234,1,1.0,0.8971552217177832,0.10284477828221683
ch.1_235,2,0.0011658680470544344,0.007165187594782932,-0.0059993195477284975
ch.1_235,2,0.9988341319529456,0.990987664635935,0.007846467317010553
ch.1_236,1,1.0,0.9676357568278143,0.03236424317218567
ch.1_239,2,0.00011574967204259588,0.011868938861465311,-0.011753189189422716
ch.1_239,2,0.9998842503279574,0.3057653960098901,0.6941188543180672
ch.1_24,3,0.9881218750863235,0.9770945984156669,0.011027276670656616
ch.1_24,3,0.011491395265324162,0.0,0.011491395265324162
ch.1_24,3,0.00038672964835225545,0.0,0.00038672964835225545
ch.1_242,3,2.0088119885899478e-05,0.0,2.0088119885899478e-05
ch.1_242,3,0.06935758192604893,4.1005218196340076e-05,0.06931657670785259
ch.1_242,3,0.9306223299540651,0.9307848272203456,-0.00016249726628048133
ch.1_24,2,4.322828859205464e-05,0.0,4.322828859205464e-05
ch.1_24,2,0.999956771711408,0.8914090517202572,0.10854771999115076
ch.1_244,2,4.2316936930837194e-06,0.0,4.2316936930837194e-06
ch.1_244,2,0.9999957683063069,0.23873300213909662,0.7612627661672102
ch.1_245,3,3.248033779551307e-05,0.0007027465979415182,-0.0006702662601460051
ch.1_245,3,0.00011600120641254669,0.0002578930980247937,-0.00014189189161224703
ch.1_245,3,0.9998515184557919,0.9352084114953817,0.0646431069604102
ch.1_246,2,0.0003800629818655663,0.005709150311517321,-0.005329087329651755
ch.1_246,2,0.9996199370181345,0.7831768190575875,0.21644311796054694
ch.1_248,1,1.0,0.9804131361380052,0.01958686386199482
ch.1_25,2,0.019170733356625228,0.018459475269108152,0.0007112580875170763
ch.1_25,2,0.9808292666433748,0.9801724358574663,0.0006568307859085021
ch.1_251,2,0.9999903521094148,0.8261944162063042,0.1737959359031106
ch.1_251,2,9.647890585202451e-06,0.0,9.647890585202451e-06
ch.1_252,2,0.0038022103516177404,0.0,0.0038022103516177404
ch.1_252,2,0.9961977896483822,0.5764754226797143,0.41972236696866794
ch.1_25,3,0.0005195105056568922,0.0007767430147747893,-0.0002572325091178972
ch.1_25,3,0.9898406834449319,0.27852263401931227,0.7113180494256197
ch.1_25,3,0.00963980604941122,0.37687916998694077,-0.36723936393752954
ch.1_254,3,0.00022118247554232242,3.513690514354221e-05,0.0001860455703987802
ch.1_254,3,0.999617184176946,0.020681235878563218,0.9789359482983828
ch.1_254,3,0.00016163334751169716,0.0,0.00016163334751169716
ch.1_255,1,1.0,0.09781127422325966,0.9021887257767404
ch.1_257,1,1.0,0.6939099992418594,0.30609000075814063
ch.1_26,3,0.003270284603146544,0.0,0.003270284603146544
ch.1_26,3,0.00035354428142124803,0.009787430056469107,-0.009433885775047859
ch.1_26,3,0.9963761711154322,0.986807038744734,0.00956913237069823
ch.1_260,2,0.9754946850206225,0.9206219338056072,0.054872751215015336
ch.1_260,2,0.02450531497937744,0.05457225030850612,-0.03006693532912868
ch.1_26,1,1.0,0.9578203048104527,0.04217969518954734
ch.1_264,2,0.8988000424763725,0.38150104733717677,0.5172989951391957
ch.1_264,2,0.10119995752362748,0.09890434171731677,0.0022956158063107135
ch.1_266,1,1.0,0.41731944478253025,0.5826805552174698
ch.1_268,1,1.0,0.654426491637759,0.345573508362241
ch.1_27,1,1.0,0.9093317819928869,0.09066821800711311
ch.1_270,1,1.0,0.8544524534058761,0.14554754659412394
ch.1_274,2,0.9998694062336758,0.9957485505595984,0.004120855674077384
ch.1_274,2,0.0001305937663242208,1.0727226690624836e-05,0.00011986653963359597
ch.1_276,1,1.0,0.9948827676841919,0.0051172323158080735
ch.1_279,1,1.0,0.007952708029545882,0.9920472919704542
ch.1_28,1,1.0,0.5786864006463903,0.4213135993536097
ch.1_28,2,0.9950741102334251,0.0025391124976901535,0.992534997735735
ch.1_28,2,0.004925889766574954,0.0,0.004925889766574954
ch.1_284,3,9.020386072523904e-05,0.0,9.020386072523904e-05
ch.1_284,3,9.020386072523904e-05,0.0,9.020386072523904e-05
ch.1_284,3,0.9998195922785496,0.2851354839894614,0.7146841082890881
ch.1_288,3,9.74274287440143e-05,0.000531078003657903,-0.0004336505749138887
ch.1_288,3,0.9998441161140096,0.6325025084208472,0.3673416076931624
ch.1_288,3,5.845645724640858e-05,0.10579629309731431,-0.1057378366400679
ch.1_29,1,1.0,0.9983204755992875,0.0016795244007125065
ch.1_291,3,8.030172033052188e-06,0.0005913096439370831,-0.0005832794719040309
ch.1_291,3,0.9999839396559339,0.5106118264156335,0.4893721132403004
ch.1_291,3,8.030172033052188e-06,1.4492544272149598e-06,6.580917605837228e-06
ch.1_292,2,0.00020006001800540162,0.0,0.00020006001800540162
ch.1_292,2,0.9997999399819946,0.3801194799506296,0.619680460031365
ch.1_29,1,1.0,0.9893435125300265,0.010656487469973497
ch.1_295,1,1.0,0.7226472137840863,0.27735278621591375
ch.1_298,3,0.9942701722574796,0.4667368775787396,0.52753329467874
ch.1_298,3,0.00014505893019038985,0.015315644944769481,-0.015170586014579091
ch.1_298,3,0.005584768812330009,0.0,0.005584768812330009
ch.1_299,2,0.9791830322073841,0.6968372282847922,0.2823458039225919
ch.1_299,2,0.020816967792615867,0.0018233403754236292,0.018993627417192238
ch.1_,3,0.00015020219526285384,0.0,0.00015020219526285384
ch.1_,3,0.999838243789717,0.9548197478690669,0.0450184959206501
ch.1_,3,1.1554015020219526e-05,0.0005966705858825538,-0.0005851165708623343
ch.1_30,1,1.0,0.9974509442176103,0.002549055782389731
ch.1_300,1,1.0,0.8975936576185701,0.10240634238142987
ch.1_302,2,0.9996303390798804,0.628935278337039,0.3706950607428414
ch.1_302,2,0.0003696609201196357,0.0,0.0003696609201196357
ch.1_30,2,0.9997938356870426,0.792106587659801,0.2076872480272416
ch.1_30,2,0.00020616431295742706,0.10226556101015354,-0.1020593966971961
ch.1_304,2,0.0005735299078978442,0.0,0.0005735299078978442
ch.1_304,2,0.9994264700921022,0.3774628443786262,0.621963625713476
ch.1_305,2,0.9988683210734783,0.9628582342545974,0.03601008681888096
ch.1_305,2,0.001131678926521704,0.0,0.001131678926521704
ch.1_308,3,6.407293330465306e-05,0.0012022539262152524,-0.0011381809929105994
ch.1_308,3,1.8306552372758018e-05,0.00259006657502869,-0.002571760022655932
ch.1_308,3,0.9999176205143225,0.8499733287493844,0.14994429176493818
ch.1_311,3,3.0008402352658743e-05,0.0,3.0008402352658743e-05
ch.1_311,3,1.2860743865425176e-05,0.04310151045212023,-0.04308864970825481
ch.1_311,3,0.9999571308537819,0.6395167501798631,0.3604403806739188
ch.1_31,1,1.0,0.5591721345389351,0.4408278654610649
ch.1_315,3,0.00037767916155226133,0.0,0.00037767916155226133
ch.1_315,3,0.9960343688037012,0.9799809088216891,0.01605345998201213
ch.1_315,3,0.0035879520347464828,4.008076805776352e-07,0.003587551227065905
ch.1_316,2,1.2757705654215147e-05,0.24201991520703436,-0.24200715750138016
ch.1_316,2,0.9999872422943458,0.6071793891937612,0.3928078531005845
ch.1_32,2,0.0004467202730994386,0.0,0.0004467202730994386
ch.1_32,2,0.9995532797269006,0.4622727704083479,0.5372805093185526
ch.1_322,2,0.9975441637774476,0.8664080147071129,0.13113614907033466
ch.1_322,2,0.0024558362225524186,0.00019758459770955923,0.0022582516248428595
ch.1_324,2,4.504944176233416e-05,0.3869582314451146,-0.3869131820033523
ch.1_324,2,0.9999549505582377,0.3692547385472728,0.6307002120109648
ch.1_325,3,0.0004890527424573019,0.0,0.0004890527424573019
ch.1_325,3,0.9990971333985403,0.8378666094388421,0.16123052395969828
ch.1_325,3,0.0004138138590023324,0.0,0.0004138138590023324
ch.1_326,3,1.938986556359876e-05,0.1069403324810386,-0.106920942615475
ch.1_326,3,3.2316442605997934e-05,0.006633273839808106,-0.006600957397202108
ch.1_326,3,0.9999482936918304,0.7034339129819867,0.2965143807098437
ch.1_327,3,0.9997308058998373,0.4934937987021653,0.5062370071976721
ch.1_327,3,0.0002131119959620885,0.00026292508241611946,-4.981308645403095e-05
ch.1_327,3,5.6082104200549606e-05,4.715736006877542e-05,8.92474413177419e-06
ch.1_330,3,0.0046390103444598485,0.029054374411204356,-0.024415364066744508
ch.1_330,3,0.9869894422523195,0.666045469834856,0.32094397241746353
ch.1_330,3,0.008371547403220646,0.0004088538640415617,0.007962693539179085
ch.1_331,3,0.9996489025544999,0.7201972726369243,0.27945162991757555
ch.1_331,3,0.00011703248183336703,6.567894527218724e-05,5.1353536561179786e-05
ch.1_331,3,0.00023406496366673406,0.00018144435988288487,5.262060378384919e-05
ch.1_332,2,0.999977222318711,0.24828738566535366,0.7516898366533573
ch.1_332,2,2.2777681288988985e-05,0.0,2.2777681288988985e-05
ch.1_,3,0.0002586618404025092,0.0036502328133208423,-0.003391570972918333
ch.1_,3,0.9997358513932859,0.91339625794201,0.08633959345127595
ch.1_,3,5.486766311568376e-06,0.0002850410822781593,-0.00027955431596659095
ch.1_334,3,3.0408846947205173e-05,0.0,3.0408846947205173e-05
ch.1_334,3,0.9998682283298954,0.5493733545010507,0.4504948738288447
ch.1_334,3,0.00010136282315735057,0.03645137049563801,-0.03635000767248066
ch.1_336,2,0.0016138959173904123,0.01833414943021343,-0.016720253512823018
ch.1_336,2,0.9983861040826096,0.8220180408045028,0.17636806327810683
ch.1_34,3,2.0274982833847866e-06,0.0,2.0274982833847866e-06
ch.1_34,3,0.9998742951064301,0.9976749997850479,0.0021992953213821886
ch.1_34,3,0.000123677395286472,0.00029686280560851946,-0.00017318541032204746
ch.1_341,2,4.6441785222223944e-05,1.4550537634466144e-06,4.498673145877733e-05
ch.1_341,2,0.9999535582147778,0.8582670365882165,0.14168652162656137
ch.1_342,3,0.9997135491263248,0.4562905374497622,0.5434230116765626
ch.1_342,3,0.00013020494257962031,0.006666373633949178,-0.006536168691369557
ch.1_342,3,0.0001562459310955444,0.0,0.0001562459310955444
ch.1_34,3,0.9994969028079113,0.5029817351889878,0.49651516761892345
ch.1_34,3,0.0003773228940665975,0.04591153310928103,-0.045534210215214435
ch.1_34,3,0.00012577429802219917,0.035201917574289886,-0.035076143276267686
ch.1_345,2,0.00012099945550245024,1.8617533394635624e-05,0.0001023819221078146
ch.1_345,2,0.9998790005444975,0.9353972170854946,0.0644817834590029
ch.1_348,1,1.0,0.648211599234721,0.35178840076527895
ch.1_349,1,1.0,0.9814796331073108,0.01852036689268921
ch.1_35,3,0.018234577631296125,0.0012079376454271426,0.017026639985868983
ch.1_35,3,0.9776098015332808,0.972214179534503,0.005395621998777855
ch.1_35,3,0.004155620835423085,0.014610047183515638,-0.010454426348092552
ch.1_351,3,0.9995544063562992,0.7042651408269258,0.2952892655293734
ch.1_351,3,0.00041421380963737464,0.0,0.00041421380963737464
ch.1_351,3,3.1379834063437476e-05,0.0,3.1379834063437476e-05
ch.1_354,2,0.9996955859969558,0.8880402228721459,0.11165536312480995
ch.1_354,2,0.00030441400304414006,0.0678519517789121,-0.06754753777586796
ch.1_355,1,1.0,0.5910564763345104,0.4089435236654896
ch.1_356,3,0.00038295675918679963,0.0013564325118618206,-0.000973475752675021
ch.1_356,3,0.999575417506119,0.0022398297033053827,0.9973355878028136
ch.1_356,3,4.162573469421735e-05,0.0,4.162573469421735e-05
ch.1_359,3,1.5686212995243156e-05,0.00022969163825815083,-0.00021400542526290767
ch.1_359,3,0.5684958098203536,0.19587578666516137,0.37262002315519227
ch.1_359,3,0.4314885039666511,0.4307054958101124,0.0007830081565387004
ch.1_36,2,0.0001404297149276787,0.01639978881976102,-0.016259359104833344
ch.1_36,2,0.9998595702850723,0.9418878681559494,0.05797170212912295
ch.1_360,2,0.9999745928504281,0.823382883574502,0.17659170927592616
ch.1_360,2,2.540714957188953e-05,0.0,2.540714957188953e-05
ch.1_36,2,0.9984545542354873,0.8678055979521453,0.13064895628334205
ch.1_36,2,0.0015454457645127017,0.005775150126295022,-0.00422970436178232
ch.1_366,2,0.002779101159282198,0.016969749654566862,-0.014190648495284664
ch.1_366,2,0.9972208988407179,0.8450025369920944,0.15221836184862347
ch.1_368,2,0.9992617449664429,0.8387044086040434,0.16055733636239955
ch.1_368,2,0.000738255033557047,0.03927132689921873,-0.03853307186566168
ch.1_369,1,1.0,0.4368002503133077,0.5631997496866923
ch.1_37,1,1.0,0.9831949677964006,0.016805032203599413
ch.1_370,3,0.0004805670691415871,0.0,0.0004805670691415871
ch.1_370,3,0.9993392202799303,0.001537186839064172,0.9978020334408662
ch.1_370,3,0.00018021265092809516,0.0,0.00018021265092809516
ch.1_379,1,1.0,0.34646135730490907,0.6535386426950909
ch.1_38,3,1.171303074670571e-05,0.07053703452001013,-0.07052532148926342
ch.1_38,3,0.9999838945827233,0.7979589415235845,0.2020249530591388
ch.1_38,3,4.3923865300146415e-06,0.0008538695555202024,-0.0008494771689901877
ch.1_380,3,2.1287299784075823e-06,0.0007944706601032453,-0.0007923419301248377
ch.1_380,3,0.9999709073569618,0.4343479568948368,0.5656229504621251
ch.1_380,3,2.6963913059829376e-05,0.05322836157649663,-0.0532013976634368
ch.1_384,3,3.0250836152018013e-05,0.08777702330088495,-0.08774677246473293
ch.1_384,3,0.9998374017556829,0.41802210462716266,0.5818152971285202
ch.1_384,3,0.0001323474081650788,0.06476664271101953,-0.06463429530285446
ch.1_385,2,0.0011188130852486926,0.0010550797513017658,6.373333394692681e-05
ch.1_385,2,0.9988811869147514,0.7412617452930458,0.2576194416217056
ch.1_388,1,1.0,0.29735641478678154,0.7026435852132185
ch.1_39,3,0.0010382932436775359,7.294809955754767e-07,0.0010375637626819604
ch.1_39,3,0.0020395045857951595,0.00015439613970859523,0.0018851084460865643
ch.1_39,3,0.9969222021705273,0.9968768957560747,4.530641445255057e-05
ch.1_39,2,0.0002050440844781628,0.0,0.0002050440844781628
ch.1_39,2,0.9997949559155218,0.11460464025001199,0.8851903156655099
ch.1_397,2,0.9987973419218068,0.3617650106666962,0.6370323312551106
ch.1_397,2,0.001202658078193159,0.4371588134488582,-0.43595615537066507
ch.1_4,3,0.00020045436322330617,0.00010380307530624924,9.665128791705693e-05
ch.1_4,3,0.00021381798743819324,0.002140063791260518,-0.0019262458038223245
ch.1_4,3,0.9995857276493385,0.9971297768229234,0.002455950826415143
ch.1_40,3,0.9960125729681185,0.9960251920101816,-1.2619042063066743e-05
ch.1_40,3,0.0016524472384373597,0.000845718919932688,0.0008067283185046717
ch.1_40,3,0.002334979793444095,3.561599292376124e-06,0.002331418194151719
ch.1_401,3,4.2719220801412583e-05,0.0,4.2719220801412583e-05
ch.1_401,3,0.99990032181813,0.05241004351498131,0.9474902783031487
ch.1_401,3,5.695896106855011e-05,0.0,5.695896106855011e-05
ch.1_402,1,1.0,0.8015517210580712,0.19844827894192885
ch.1_40,3,0.05066938471489896,0.0,0.05066938471489896
ch.1_40,3,0.9485661642197699,0.6364493732951244,0.3121167909246455
ch.1_40,3,0.0007644510653311642,0.00865763556286385,-0.007893184497532686
ch.1_408,3,7.290046656298601e-05,0.0,7.290046656298601e-05
ch.1_408,3,4.860031104199067e-05,0.03811198955488172,-0.03806338924383973
ch.1_408,3,0.999878499222395,0.2347672734048871,0.7651112258175079
ch.1_409,2,3.924533830789799e-06,0.03430644626256439,-0.034302521728733604
ch.1_409,2,0.9999960754661692,0.20569029570110747,0.7943057797650617
ch.1_41,1,1.0,0.9466168485303721,0.05338315146962791
ch.1_410,1,1.0,0.7769727578004721,0.22302724219952785
ch.1_41,2,0.3925399644760213,0.17312496420586432,0.21941500027015698
ch.1_41,2,0.6074600355239786,0.4374587579152333,0.17000127760874534
ch.1_414,2,0.999904294008805,0.7609750166388279,0.23892927736997704
ch.1_414,2,9.570599119504881e-05,0.0,9.570599119504881e-05
ch.1_416,1,1.0,0.4278370670383197,0.5721629329616803
ch.1_417,2,0.001041648275983828,0.0,0.001041648275983828
ch.1_417,2,0.9989583517240161,0.9592046326858417,0.039753719038174484
ch.1_419,3,4.315231590633594e-05,0.0,4.315231590633594e-05
ch.1_419,3,0.00015299457457700923,0.005369744627771472,-0.005216750053194463
ch.1_419,3,0.9998038531095167,0.12738398145112267,0.872419871658394
ch.1_42,2,0.9999116685805141,0.9947936431841524,0.005118025396361636
ch.1_42,2,8.833141948591114e-05,0.0,8.833141948591114e-05
ch.1_421,3,5.944331337028726e-05,0.0,5.944331337028726e-05
ch.1_421,3,0.9999108350299446,0.9225258346274219,0.07738500040252272
ch.1_421,3,2.972165668514363e-05,0.009461774310422935,-0.009432052653737791
ch.1_425,2,0.003968953960134062,0.13756328866873072,-0.13359433470859666
ch.1_425,2,0.9960310460398659,0.33539160800774176,0.6606394380321241
ch.1_426,3,4.49241343680859e-05,0.0031626054891021114,-0.0031176813547340253
ch.1_426,3,0.9987645863048776,0.5739190083570803,0.4248455779477973
ch.1_426,3,0.0011904895607542762,0.001417171950269497,-0.00022668238951522083
ch.1_427,2,0.0004123711340206186,0.02340719061350811,-0.02299481947948749
ch.1_427,2,0.9995876288659794,0.7511938729071865,0.24839375595879287
ch.1_428,2,0.00040746475429875314,0.0034120670444611986,-0.0030046022901624456
ch.1_428,2,0.9995925352457012,0.9362438198986088,0.06334871534709241
ch.1_430,3,0.9949102550267976,0.033120205761097955,0.9617900492656997
ch.1_430,3,7.193985827847919e-05,0.048550235127145354,-0.04847829526886688
ch.1_430,3,0.005017805114923924,0.000686442673218293,0.0043313624417056305
ch.1_431,3,6.233636703652911e-05,0.0,6.233636703652911e-05
ch.1_431,3,0.9977766695756971,0.24270230416034155,0.7550743654153556
ch.1_431,3,0.0021609940572663426,0.0,0.0021609940572663426
ch.1_4,3,0.00015675291560423023,0.030465670630443156,-0.030308917714838925
ch.1_4,3,0.9993834385319567,0.1919825033199528,0.8074009352120038
ch.1_4,3,0.00045980855243907536,0.0,0.00045980855243907536
ch.1_436,2,0.0006448209156457003,0.0,0.0006448209156457003
ch.1_436,2,0.9993551790843543,0.5780675921518827,0.4212875869324716
ch.1_438,3,0.9986967701032017,0.12368988034326828,0.8750068897599335
ch.1_438,3,0.0006340037335775422,0.23930775881010508,-0.23867375507652752
ch.1_438,3,0.000669226163220739,0.009665010020596436,-0.008995783857375697
ch.1_44,1,1.0,0.9663368181128423,0.03366318188715767
ch.1_441,3,0.0006466214031684449,0.0057084157238803486,-0.005061794320711904
ch.1_441,3,0.9984373316090096,0.9414184682407799,0.0570188633682297
ch.1_441,3,0.0009160469878219636,0.0,0.0009160469878219636
ch.1_44,3,0.00010495382031905961,0.005774257877070151,-0.005669304056751092
ch.1_44,3,0.9996851385390428,0.8236290488862963,0.17605608965274655
ch.1_44,3,0.00020990764063811922,0.0,0.00020990764063811922
ch.1_446,3,0.00024177949709864604,0.0,0.00024177949709864604
ch.1_446,3,0.002357350096711799,0.0002459786119163158,0.002111371484795483
ch.1_446,3,0.9974008704061895,0.9020759479675494,0.0953249224386401
ch.1_45,2,5.55978974728439e-05,0.008035765608207273,-0.00798016771073443
ch.1_45,2,0.9999444021025271,0.9833725594894943,0.016571842613032794
ch.1_45,3,0.9995731900449948,0.45153163867236806,0.5480415513726267
ch.1_45,3,0.00040434627316286395,0.07291380597529173,-0.07250945970212887
ch.1_45,3,2.246368184238133e-05,0.023551900518697627,-0.023529436836855246
ch.1_454,3,0.9997520524546807,0.396804301308979,0.6029477511457018
ch.1_454,3,4.1324590886550226e-05,0.0,4.1324590886550226e-05
ch.1_454,3,0.00020662295443275112,0.0002644719120477328,-5.784895761498169e-05
ch.1_455,3,0.003927310309189562,0.009192147503261734,-0.005264837194072172
ch.1_455,3,0.9951253122039445,0.7275758953285401,0.26754941687540446
ch.1_455,3,0.0009473774868659031,0.11709512862038718,-0.11614775113352127
ch.1_456,2,0.00011064767375292856,0.00037739292461384615,-0.0002667452508609176
ch.1_456,2,0.9998893523262471,0.9445542691160659,0.05533508321018121
ch.1_459,3,0.9991670214538252,0.64669001555342,0.3524770059004052
ch.1_459,3,0.00018510634359439497,0.002158339357320574,-0.001973233013726179
ch.1_459,3,0.0006478722025803824,0.0022865211858782565,-0.001638648983297874
ch.1_46,1,1.0,0.9933573817799742,0.006642618220025764
ch.1_460,2,0.002287728193158456,0.011524004635149198,-0.009236276441990742
ch.1_460,2,0.9977122718068415,0.8252902399943967,0.17242203181244486
ch.1_461,3,0.009127679028033906,0.0067026569229520746,0.002425022105081832
ch.1_461,3,0.9907793395217654,0.916891674239317,0.0738876652824485
ch.1_461,3,9.298145020068497e-05,0.0044698073659844234,-0.004376825915783739
ch.1_46,1,1.0,0.0,1.0
ch.1_464,2,7.097064181117079e-05,0.0,7.097064181117079e-05
ch.1_464,2,0.9999290293581888,0.207510030482545,0.7924189988756438
ch.1_466,3,0.9999926345089327,0.9015590338591823,0.09843360064975037
ch.1_466,3,2.678360388121204e-06,0.0,2.678360388121204e-06
ch.1_466,3,4.687130679212107e-06,0.0,4.687130679212107e-06
ch.1_469,2,0.9998928016294152,0.685615406735319,0.31427739489409623
ch.1_469,2,0.00010719837058476711,0.0,0.00010719837058476711
ch.1_47,1,1.0,0.9448616388352638,0.05513836116473625
ch.1_476,3,0.9997753563855473,0.8517584695820591,0.14801688680348812
ch.1_476,3,0.00021624572232369676,0.0009686365789579815,-0.0007523908566342848
ch.1_476,3,8.397892129075601e-06,0.0009102775811962952,-0.0009018796890672196
ch.1_479,1,1.0,0.34177783642512943,0.6582221635748706
ch.1_48,1,1.0,0.8375611269126362,0.16243887308736382
ch.1_481,2,0.00533689126084056,0.09391933408706013,-0.08858244282621958
ch.1_481,2,0.9946631087391594,0.6658239810696251,0.32883912766953427
ch.1_48,3,1.4707391302450785e-07,0.0,1.4707391302450785e-07
ch.1_48,3,0.9999996568275362,0.9447358242147098,0.05526383261282641
ch.1_48,3,1.960985506993438e-07,0.002470506541623883,-0.0024703104430731835
ch.1_487,2,0.00015371188140737556,0.0019755257634001943,-0.0018218138819928187
ch.1_487,2,0.9998462881185927,0.7704666880293953,0.22937960008919733
ch.1_488,2,0.9992740674558857,0.24019575189513398,0.7590783155607517
ch.1_488,2,0.0007259325441143623,0.0,0.0007259325441143623
ch.1_49,2,0.999803868690088,0.9828510278069386,0.01695284088314941
ch.1_49,2,0.00019613130991198607,0.005740296265393762,-0.005544164955481776
ch.1_49,3,0.01920532822407737,0.015303367389781058,0.0039019608342963103
ch.1_49,3,0.9807262442406824,0.4514585449402893,0.5292676993003931
ch.1_49,3,6.842753524018066e-05,0.0,6.842753524018066e-05
ch.1_496,2,8.800492827598346e-05,0.037442589123856264,-0.03735458419558028
ch.1_496,2,0.999911995071724,0.8543085134187459,0.1456034816529781
ch.1_499,2,0.9997660476677876,0.3146032519228743,0.6851627957449133
ch.1_499,2,0.00023395233221231175,0.0,0.00023395233221231175
ch.1_500,3,1.6526876833450398e-05,0.0048158865774582975,-0.004799359700624847
ch.1_500,3,0.9999812194581438,0.9726052809210011,0.027375938537142708
ch.1_500,3,2.2536650227432363e-06,1.1092205429039849e-05,-8.838540406296612e-06
ch.1_504,1,1.0,0.7315043171128386,0.2684956828871614
ch.1_508,2,0.9993615401615794,0.5654487785689307,0.4339127615926487
ch.1_508,2,0.0006384598384205486,0.015737414836241866,-0.015098954997821316
ch.1_51,3,0.9925074925074925,0.7690921250541635,0.22341536745332902
ch.1_51,3,0.00024975024975024975,0.0,0.00024975024975024975
ch.1_51,3,0.007242757242757243,0.0,0.007242757242757243
ch.1_510,3,0.0005834305717619603,0.0,0.0005834305717619603
ch.1_510,3,0.0002500416736122687,0.0,0.0002500416736122687
ch.1_510,3,0.9991665277546258,0.6757024023408528,0.323464125413773
ch.1_511,3,0.00010879814317835642,0.01012582410263451,-0.010017025959456154
ch.1_511,3,0.9990933488068471,0.14908717286002696,0.8500061759468202
ch.1_511,3,0.0007978530499746138,0.0011722800177532613,-0.00037442696777864745
ch.1_51,1,1.0,0.4788506831427401,0.5211493168572598
ch.1_516,3,1.3591587434681967e-05,0.0,1.3591587434681967e-05
ch.1_516,3,1.4637094160426734e-05,0.0,1.4637094160426734e-05
ch.1_516,3,0.9999717713184049,0.817976199590231,0.18199557172817382
ch.1_518,2,0.9995940899496671,0.8638677317496742,0.1357263581999929
ch.1_518,2,0.00040591005033284623,0.0016214714749565521,-0.001215561424623706
ch.1_52,3,0.0002473410833539451,0.0,0.0002473410833539451
ch.1_52,3,0.0002610822546513865,0.0,0.0002610822546513865
ch.1_52,3,0.9994915766619946,0.9804367039073584,0.019054872754636243
ch.1_521,1,1.0,0.8614107677725769,0.13858923222742314
ch.1_524,3,0.0007830853563038371,0.0,0.0007830853563038371
ch.1_524,3,0.9990864004176455,0.038982689327943174,0.9601037110897024
ch.1_524,3,0.00013051422605063953,0.0014422300718977528,-0.0013117158458471132
ch.1_527,2,0.001171801171801172,0.0,0.001171801171801172
ch.1_527,2,0.9988281988281988,0.059447697349816545,0.9393805014783823
ch.1_5,3,0.9999896002614166,0.8935165266666052,0.1064730735948114
ch.1_5,3,8.757674596558562e-06,0.006945599441116008,-0.0069368417665194495
ch.1_5,3,1.6420639868547305e-06,0.0,1.6420639868547305e-06
ch.1_530,1,1.0,0.23871562826096104,0.761284371739039
ch.1_537,3,0.9997342728918983,0.6779925187089995,0.32174175418289885
ch.1_537,3,0.00013778442642311628,0.0005312456585768011,-0.00039346123215368485
ch.1_537,3,0.00012794268167860799,0.009390173392413414,-0.009262230710734806
ch.1_54,3,0.9999380785782842,0.9846063400091185,0.015331738569165698
ch.1_54,3,3.4400789842134774e-05,2.713014993700746e-07,3.4129488342764696e-05
ch.1_54,3,2.752063187370782e-05,2.796019104765149e-06,2.4724612768942672e-05
ch.1_540,3,0.00024171163022798864,0.0,0.00024171163022798864
ch.1_540,3,2.8589547661375e-05,0.0,2.8589547661375e-05
ch.1_540,3,0.9997296988221106,0.9473975371363204,0.052332161685790246
ch.1_541,2,0.0006276588325545714,0.0006731364937388509,-4.547766118427946e-05
ch.1_541,2,0.9993723411674454,0.7602176838317999,0.23915465733564556
ch.1_544,1,1.0,0.8106277023898508,0.18937229761014918
ch.1_546,3,0.00014894715147232527,0.0027375506606050408,-0.0025886035091327157
ch.1_546,3,1.0391661730627345e-05,0.0029152342592797375,-0.00290484259754911
ch.1_546,3,0.999840661186797,0.4850125531188495,0.5148281080679475
ch.1_547,1,1.0,0.09165543505136642,0.9083445649486336
ch.1_551,1,1.0,0.3616204667808926,0.6383795332191073
ch.1_552,2,1.949431740647601e-05,0.0,1.949431740647601e-05
ch.1_552,2,0.9999805056825936,0.8786898016020732,0.12129070408052034
ch.1_55,2,0.0002138427542946753,0.06045273860505455,-0.06023889585075987
ch.1_55,2,0.9997861572457053,0.8881835575133159,0.1116025997323894
ch.1_554,3,0.0009128529698149952,0.0,0.0009128529698149952
ch.1_554,3,0.9938534566699123,0.0,0.9938534566699123
ch.1_554,3,0.005233690360272639,0.0,0.005233690360272639
ch.1_556,2,2.7836027242191995e-05,0.0,2.7836027242191995e-05
ch.1_556,2,0.9999721639727578,0.9825834089458505,0.017388755026907288
ch.1_557,3,0.0020207253886010365,0.0,0.0020207253886010365
ch.1_557,3,0.9976683937823834,0.14109527297033153,0.8565731208120518
ch.1_557,3,0.000310880829015544,0.023205986351111534,-0.02289510552209599
ch.1_558,2,0.9991344477816734,0.8743328382926603,0.12480160948901309
ch.1_558,2,0.0008655522183265724,0.04087116350872198,-0.04000561129039541
ch.1_559,2,0.006057959941057687,0.01637766208763308,-0.01031970214657539
ch.1_559,2,0.9939420400589423,0.1504560635029975,0.8434859765559448
ch.1_56,2,0.9995516365266777,0.9424230361818996,0.05712860034477807
ch.1_56,2,0.00044836347332237334,0.000505474712336491,-5.711123901411768e-05
ch.1_561,1,1.0,0.9344505999827174,0.0655494000172826
ch.1_565,2,0.0006505576208178438,0.0,0.0006505576208178438
ch.1_565,2,0.9993494423791821,0.1882780029099799,0.8110714394692022
ch.1_571,2,0.05072331074894708,0.0,0.05072331074894708
ch.1_571,2,0.9492766892510529,0.0,0.9492766892510529
ch.1_57,2,1.33525164486312e-05,0.026825466192426116,-0.026812113675977484
ch.1_57,2,0.9999866474835514,0.5605352555435363,0.43945139194001503
ch.1_578,2,0.9995602321460672,0.35766712244256005,0.6418931097035071
ch.1_578,2,0.0004397678539328728,0.0,0.0004397678539328728
ch.1_58,2,0.9997698049919431,0.9739311096428007,0.025838695349142404
ch.1_58,2,0.0002301950080568253,0.0013904733383076422,-0.001160278330250817
ch.1_581,3,7.51515556372017e-05,0.0,7.51515556372017e-05
ch.1_581,3,0.9999039730122413,0.007548765187553456,0.9923552078246879
ch.1_581,3,2.0875432121444915e-05,0.0,2.0875432121444915e-05
ch.1_58,1,1.0,0.5383563611590146,0.46164363884098536
ch.1_586,3,0.97480024585126,0.24248236412276614,0.7323178817284939
ch.1_586,3,0.000279376431804213,0.007101154377817193,-0.00682177794601298
ch.1_586,3,0.0249203777169358,0.01427561876754842,0.01064475894938738
ch.1_592,2,0.9899001972150839,0.23445165741979487,0.755448539795289
ch.1_592,2,0.010099802784916035,0.00633618463035841,0.0037636181545576243
ch.1_595,2,0.999931759246622,0.08682656043541073,0.9131051988112113
ch.1_595,2,6.82407533779173e-05,0.001397268242282652,-0.0013290274889047346
ch.1_596,2,0.9990194830001273,0.0,0.9990194830001273
ch.1_596,2,0.0009805169998726602,0.07841767902765803,-0.07743716202778538
ch.1_597,2,0.9997603333210427,0.29536865499798004,0.7043916783230627
ch.1_597,2,0.00023966667895726558,0.0017988937757532173,-0.0015592270967959517
ch.1_598,2,0.9997856639823632,0.0,0.9997856639823632
ch.1_598,2,0.0002143360176367923,0.0,0.0002143360176367923
ch.1_599,1,1.0,0.22987468012910064,0.7701253198708994
ch.1_6,2,6.713324270345569e-05,0.005206783700471425,-0.005139650457767969
ch.1_6,2,0.9999328667572965,0.9944586883270276,0.005474178430268983
ch.1_60,1,1.0,0.9104262830260084,0.08957371697399164
ch.1_601,3,9.406806765375426e-05,0.0,9.406806765375426e-05
ch.1_601,3,0.999774236637631,0.016577900276382913,0.983196336361248
ch.1_601,3,0.00013169529471525595,0.0,0.00013169529471525595
ch.1_605,3,2.563401462847768e-05,0.0,2.563401462847768e-05
ch.1_605,3,0.9999145532845718,0.18506698697357063,0.8148475663110012
ch.1_605,3,5.981270079978126e-05,0.007494104562952336,-0.007434291862152555
ch.1_608,2,0.9944055944055944,0.013243610852602186,0.9811619835529922
ch.1_608,2,0.005594405594405594,0.018171716512606604,-0.01257731091820101
ch.1_609,3,0.00024496080627099665,0.0069919650401748,-0.0067470042339038035
ch.1_609,3,0.9995975643896976,0.012209938950305251,0.9873876254393924
ch.1_609,3,0.00015747480403135498,0.008767956160219201,-0.008610481356187846
ch.1_61,3,0.00011537422981564671,0.002130309154960075,-0.0020149349251444284
ch.1_61,3,0.9994501313302403,0.925410971643529,0.07403915968671126
ch.1_61,3,0.00043449443994403124,0.009804877384921994,-0.009370382944977962
ch.1_6,2,0.9999599342922393,0.925106694859005,0.0748532394332343
ch.1_6,2,4.006570776072759e-05,0.07068051146321008,-0.07064044575544935
ch.1_64,3,3.60575406233267e-05,0.005730574454244044,-0.0056945169136207174
ch.1_64,3,8.293234343365142e-05,0.005333864656285719,-0.005250932312852068
ch.1_64,3,0.999881010115943,0.9544466887007347,0.04543432141520831
ch.1_67,2,0.9998890614599512,0.9763878409695056,0.023501220490445562
ch.1_67,2,0.00011093854004881296,9.511402011603373e-06,0.00010142713803720958
ch.1_68,1,1.0,0.9394394815687508,0.06056051843124921
ch.1_69,1,1.0,0.9123373124690018,0.08766268753099815
ch.1_7,3,5.621925509486999e-05,0.0011615831166456659,-0.0011053638615507958
ch.1_7,3,0.999901616303584,0.9286791731555798,0.07122244314800419
ch.1_7,3,4.216444132115249e-05,0.005620255618191334,-0.005578091176870182
ch.1_71,2,0.007186927927317106,0.00508379941814253,0.002103128509174576
ch.1_71,2,0.9928130720726829,0.9919608033539022,0.0008522687187806355
ch.1_7,2,0.0003445009043148738,0.0,0.0003445009043148738
ch.1_7,2,0.9996554990956851,0.9379118703783282,0.061743628717356835
ch.1_75,1,1.0,0.9866085078277608,0.013391492172239228
ch.1_76,3,0.00025325004220834034,0.0,0.00025325004220834034
ch.1_76,3,0.0005909167651527942,0.0,0.0005909167651527942
ch.1_76,3,0.9991558331926389,0.9388354306466606,0.06032040254597826
ch.1_77,2,0.00029291154071470416,0.0,0.00029291154071470416
ch.1_77,2,0.9997070884592852,0.7157279591255563,0.28397912933372893
ch.1_78,2,9.046548108638186e-06,0.002389227418681102,-0.0023801808705724635
ch.1_78,2,0.9999909534518914,0.9905612628824791,0.00942969056941223
ch.1_79,2,3.101501816101619e-05,0.0,3.101501816101619e-05
ch.1_79,2,0.999968984981839,0.990886655039329,0.009082329942509904
ch.1_8,1,1.0,0.9943585395639115,0.005641460436088486
ch.1_80,1,1.0,0.9863853860382051,0.013614613961794864
ch.1_81,1,1.0,0.9966538619319085,0.0033461380680914754
ch.1_82,2,0.0009823423954419314,3.1569082506776406e-06,0.0009791854871912537
ch.1_82,2,0.9990176576045581,0.9945719623010119,0.0044456953035462154
ch.1_8,2,0.9999190886141498,0.9110554051102299,0.08886368350391993
ch.1_8,2,8.091138585021685e-05,0.0,8.091138585021685e-05
ch.1_84,3,0.0042779761171980795,0.0,0.0042779761171980795
ch.1_84,3,0.9928597808691371,0.9554708716723821,0.03738890919675497
ch.1_84,3,0.002862243013664902,0.0,0.002862243013664902
ch.1_85,2,0.9967469667663091,0.983842401773374,0.01290456499293513
ch.1_85,2,0.0032530332336908737,0.0,0.0032530332336908737
ch.1_88,1,1.0,0.9882862214676791,0.011713778532320918
ch.1_89,2,0.999935757420018,0.8080815834146007,0.19185417400541727
ch.1_89,2,6.424257998201208e-05,0.0026910010741140727,-0.0026267584941320607
ch.1_90,2,0.00038281785845309683,0.0,0.00038281785845309683
ch.1_90,2,0.9996171821415469,0.9712314353378606,0.02838574680368633
ch.1_91,1,1.0,0.8424204258321771,0.15757957416782287
ch.1_9,1,1.0,0.765598076896316,0.23440192310368402
ch.1_94,3,0.9897172236503856,0.29589159939201554,0.69382562425837
ch.1_94,3,0.010196123739926633,0.01066251632471862,-0.0004663925847919869
ch.1_94,3,8.665260968776177e-05,0.001941842417451477,-0.0018551898077637152
ch.1_95,3,0.0011646151108810636,0.00025165900895661464,0.000912956101924449
ch.1_95,3,0.014848842663733562,8.422745725644403e-05,0.014764615206477118
ch.1_95,3,0.9839865422253854,0.9841425466591697,-0.00015600443378427364
ch.1_96,1,1.0,0.9869709338025822,0.013029066197417838
ch.1_98,2,0.9990368549071865,0.9365067405748089,0.06253011433237765
ch.1_98,2,0.0009631450928134485,0.033077100324075896,-0.032113955231262446
ch.1_99,3,0.9740896826989542,0.9875833639558825,-0.013493681256928292
ch.1_99,3,0.02521907819921065,0.0,0.02521907819921065
ch.1_99,3,0.0006912391018351283,0.0,0.0006912391018351283
ch.2_101,3,0.5069090647593444,0.18676006936662704,0.32014899539271735
ch.2_101,3,5.255093291735121e-05,0.05200484347903664,-0.051952292546119286
ch.2_101,3,0.4930383843077383,0.42215184502607783,0.07088653928166044
ch.2_109,2,0.4962173308227035,0.45194832150537306,0.04426900931733041
ch.2_109,2,0.5037826691772965,0.48290024768913015,0.02088242148816638
ch.2_115,2,0.5011029132121396,0.16657259817880374,0.33453031503333586
ch.2_115,2,0.4988970867878603,0.3647380050356551,0.1341590817522052
ch.2_121,2,0.534408891717874,0.10799291511714866,0.42641597660072533
ch.2_121,2,0.46559110828212597,0.7312130393440514,-0.2656219310619254
ch.2_1,2,0.5928880706419829,0.4954603784556117,0.0974276921863712
ch.2_1,2,0.4071119293580171,0.4892076257748885,-0.08209569641687142
ch.2_138,2,0.5277973665044334,0.4465588723442294,0.08123849416020401
ch.2_138,2,0.4722026334955665,0.2371444162630628,0.23505821723250372
ch.2_139,3,0.6038659920766162,0.49224135172280414,0.11162464035381203
ch.2_139,3,0.39512071549704103,0.41022505542814014,-0.015104339931099109
ch.2_139,3,0.0010132924263427884,0.0545164162684387,-0.053503123842095913
ch.2_140,3,5.980339037380707e-06,9.713503989302889e-06,-3.7331649519221823e-06
ch.2_140,3,0.5631733114213711,0.3245880041457751,0.23858530727559596
ch.2_140,3,0.4368207082395915,0.3325228495620734,0.10429785867751812
ch.2_150,2,0.6398653702318624,0.41456149329668535,0.22530387693517706
ch.2_150,2,0.36013462976813765,0.42940087661539444,-0.0692662468472568
ch.2_158,2,0.5954258675078864,0.44118004402177075,0.15424582348611565
ch.2_158,2,0.40457413249211355,0.3348551681305733,0.06971896436154024
ch.2_17,2,0.28692115143929914,0.3571006878000895,-0.07017953636079038
ch.2_17,2,0.7130788485607009,0.35433326697905443,0.3587455815816465
ch.2_18,3,0.00026739397828760895,2.7532713869252117e-06,0.00026464070690068373
ch.2_18,3,0.44601315578373174,0.4911848083117783,-0.04517165252804656
ch.2_18,3,0.5537194502379806,0.3938453025908107,0.15987414764716995
ch.2_181,3,0.4819522381513142,0.3781070655748251,0.10384517257648912
ch.2_181,3,0.0008104925410848204,0.0027118923118418015,-0.001901399770756981
ch.2_181,3,0.5172372693076009,0.4755919064990707,0.04164536280853026
ch.2_198,3,0.5161362223291062,0.4292612352368529,0.08687498709225328
ch.2_198,3,0.4836291543000598,0.4236399067867613,0.05998924751329854
ch.2_198,3,0.00023462337083396878,0.001010105868129141,-0.0007754824972951721
ch.2_205,3,0.5618183343587448,0.5292667269753694,0.03255160738337548
ch.2_205,3,0.00011186307959058112,0.0,0.00011186307959058112
ch.2_205,3,0.4380698025616645,0.4342025381078369,0.0038672644538276235
ch.2_208,3,0.35858307849133536,0.3389036535856468,0.01967942490568858
ch.2_208,3,0.0001325178389398573,0.0017773893734788558,-0.0016448715345389986
ch.2_208,3,0.6412844036697247,0.5315089197712228,0.10977548389850189
ch.2_21,3,0.4584112335415092,0.4927930367577441,-0.03438180321623491
ch.2_21,3,0.0001591153188273201,0.0076988174654467195,-0.0075397021466193995
ch.2_21,3,0.5414296511396635,0.44781146944540046,0.093618181694263
ch.2_210,3,0.5316443685359142,0.44832633665118066,0.08331803188473358
ch.2_210,3,0.000189771325552709,0.0089692220471164,-0.00877945072156369
ch.2_210,3,0.46816586013853306,0.2385251149136797,0.22964074522485337
ch.2_218,2,0.5755448534813484,0.2991987119983935,0.27634614148295494
ch.2_218,2,0.4244551465186515,0.3326371143292001,0.09181803218945139
ch.2_219,2,0.018933523713338788,0.0018635752583402207,0.017069948454998568
ch.2_219,2,0.9810664762866612,0.36387086406813485,0.6171956122185264
ch.2_224,3,0.17337846238861643,0.13260681530940774,0.04077164707920869
ch.2_224,3,0.002417627961594253,0.0,0.002417627961594253
ch.2_224,3,0.8242039096497893,0.4662618240642222,0.3579420855855671
ch.2_252,3,5.711061217461868e-05,0.0,5.711061217461868e-05
ch.2_252,3,0.3946957027247729,0.0,0.3946957027247729
ch.2_252,3,0.6052471866630525,0.13027289660771307,0.4749742900553395
ch.2_254,2,0.5632779300460158,0.03418821427966639,0.5290897157663494
ch.2_254,2,0.43672206995398427,0.4361515142544722,0.0005705556995120875
ch.2_256,3,0.5172862393079,0.06606741568577766,0.4512188236221223
ch.2_256,3,0.48261619019741764,0.0,0.48261619019741764
ch.2_256,3,9.757049468240804e-05,0.0,9.757049468240804e-05
ch.2_269,3,0.5192148266801557,0.49405636767125194,0.02515845900890379
ch.2_269,3,0.48074302013517123,0.47103207558260635,0.009710944552564882
ch.2_269,3,4.2153184673102054e-05,5.4620158479225696e-05,-1.2466973806123642e-05
ch.2_29,3,0.49516836863870367,0.4879664031651286,0.007201965473575045
ch.2_29,3,2.109882690522407e-05,0.0,2.109882690522407e-05
ch.2_29,3,0.5048105325343911,0.4819594180311485,0.02285111450324262
ch.2_297,3,0.03924566768603466,0.0,0.03924566768603466
ch.2_297,3,0.4334862385321101,0.43488538121774456,-0.001399142685634458
ch.2_297,3,0.5272680937818552,0.4064087846311915,0.12085930915066373
ch.2_299,2,0.49364540507344035,0.1586439567395432,0.3350014483338971
ch.2_299,2,0.5063545949265597,0.4311758169759115,0.07517877795064815
ch.2_30,3,0.4464875204393299,0.42052989148283215,0.025957628956497725
ch.2_30,3,0.5532348131922377,0.4363132729537131,0.11692154023852458
ch.2_30,3,0.0002776663684324191,0.018682898140538588,-0.018405231772106168
ch.2_305,3,0.5099527895047438,0.10206509475874062,0.40788769474600317
ch.2_305,3,0.0003858550093059149,0.23346725745950597,-0.23308140245020006
ch.2_305,3,0.48966135548595036,0.09961059376308812,0.39005076172286224
ch.2_,3,0.5464882619784263,0.4700728354519159,0.07641542652651034
ch.2_,3,1.95982105527218e-05,0.0,1.95982105527218e-05
ch.2_,3,0.453492139811021,0.48904774039268434,-0.03555560058166335
ch.2_336,2,0.4428905668403701,0.0,0.4428905668403701
ch.2_336,2,0.5571094331596299,0.47935291433511845,0.07775651882451146
ch.2_47,3,0.06714254595418824,0.08692081997569076,-0.01977827402150252
ch.2_47,3,0.4908091623519161,0.12334161021818986,0.3674675521337262
ch.2_47,3,0.4420482916938957,0.0315768023626346,0.4104714893312611
ch.2_48,2,0.08274780392631083,0.06158040294801921,0.021167400978291617
ch.2_48,2,0.9172521960736891,0.3967182407763733,0.5205339552973158
ch.2_5,2,0.419513205592957,0.41018685159378887,0.009326353999168147
ch.2_5,2,0.580486794407043,0.43907847179156334,0.14140832261547964
ch.2_62,3,0.9706283524904215,0.04784951350097498,0.9227788389894465
ch.2_62,3,0.00020689655172413793,0.09325513361402137,-0.09304823706229723
ch.2_62,3,0.029164750957854407,0.26317862365555544,-0.23401387269770105
ch.2_92,2,0.4233968664189953,0.31115231210550526,0.11224455431349006
ch.2_92,2,0.5766031335810047,0.3873010581970948,0.18930207538390986
ch.3_18,3,0.23358067571834543,0.2974534993916725,-0.06387282367332706
ch.3_18,3,0.31086201452478684,0.32681013467444503,-0.015948120149658185
ch.3_18,3,0.4555573097568677,0.3186356255210612,0.13692168423580647
ch.3_26,3,0.2623570612066841,0.23239955636180817,0.029957504844875943
ch.3_26,3,0.3617063387876609,0.1706856020468404,0.19102073674082048
ch.3_26,3,0.37593660000565493,0.2681523693325195,0.10778423067313542
ch.3_72,3,0.27786103091874736,0.27103495085951346,0.006826080059233908
ch.3_72,3,0.34979174471648633,0.21083222157423712,0.1389595231422492
ch.3_72,3,0.3723472243647663,0.04056788327054728,0.331779341094219
365 skipped genes with insufficient sample sizes.
